/*
SQLyog 企业版 - MySQL GUI v8.14 
MySQL - 5.1.40-community : Database - freecms
*********************************************************************
*/

/*!40101 SET NAMES utf8 */;

/*!40101 SET SQL_MODE=''*/;

/*!40014 SET @OLD_UNIQUE_CHECKS=@@UNIQUE_CHECKS, UNIQUE_CHECKS=0 */;
/*!40014 SET @OLD_FOREIGN_KEY_CHECKS=@@FOREIGN_KEY_CHECKS, FOREIGN_KEY_CHECKS=0 */;
/*!40101 SET @OLD_SQL_MODE=@@SQL_MODE, SQL_MODE='NO_AUTO_VALUE_ON_ZERO' */;
/*!40111 SET @OLD_SQL_NOTES=@@SQL_NOTES, SQL_NOTES=0 */;
CREATE DATABASE /*!32312 IF NOT EXISTS*/`freecms` /*!40100 DEFAULT CHARACTER SET utf8 */;

USE `freecms`;

/*Table structure for table `freecms_channel` */

DROP TABLE IF EXISTS `freecms_channel`;

CREATE TABLE `freecms_channel` (
  `id` varchar(50) NOT NULL,
  `name` varchar(50) DEFAULT NULL,
  `templet` varchar(50) DEFAULT NULL,
  `contentTemplet` varchar(50) DEFAULT NULL,
  `img` varchar(500) DEFAULT NULL,
  `description` text,
  `parId` varchar(50) DEFAULT NULL,
  `site` varchar(50) DEFAULT NULL,
  `url` varchar(500) DEFAULT NULL,
  `state` varchar(1) DEFAULT NULL,
  `orderNum` int(11) DEFAULT NULL,
  `clickNum` int(11) DEFAULT NULL,
  `navigation` varchar(1) DEFAULT NULL,
  `pagemark` varchar(50) DEFAULT NULL,
  PRIMARY KEY (`id`),
  KEY `FK_栏目_站点` (`site`),
  CONSTRAINT `FK_栏目_站点` FOREIGN KEY (`site`) REFERENCES `freecms_site` (`id`) ON DELETE CASCADE ON UPDATE CASCADE
) ENGINE=InnoDB DEFAULT CHARSET=utf8 COMMENT='栏目';

/*Data for the table `freecms_channel` */

insert  into `freecms_channel`(`id`,`name`,`templet`,`contentTemplet`,`img`,`description`,`parId`,`site`,`url`,`state`,`orderNum`,`clickNum`,`navigation`,`pagemark`) values ('15d53d41-003c-454b-b5fa-d4e4ec0c0ccc','许可证','','',NULL,'<h1 id=\"What\">\r\n	FreeCMS使用Apache License 2.0开源协议</h1>\r\n<p>\r\n	&nbsp;&nbsp;&nbsp;&nbsp;&nbsp;&nbsp;&nbsp;&nbsp;&nbsp;&nbsp;&nbsp;&nbsp;&nbsp;&nbsp;&nbsp;&nbsp;&nbsp;&nbsp;&nbsp;&nbsp;&nbsp;&nbsp;&nbsp;&nbsp;&nbsp;&nbsp;&nbsp;&nbsp;&nbsp;&nbsp;&nbsp;&nbsp;&nbsp; Apache License<br />\r\n	&nbsp;&nbsp;&nbsp;&nbsp;&nbsp;&nbsp;&nbsp;&nbsp;&nbsp;&nbsp;&nbsp;&nbsp;&nbsp;&nbsp;&nbsp;&nbsp;&nbsp;&nbsp;&nbsp;&nbsp;&nbsp;&nbsp;&nbsp;&nbsp;&nbsp;&nbsp; Version 2.0, January 2004<br />\r\n	&nbsp;&nbsp;&nbsp;&nbsp;&nbsp;&nbsp;&nbsp;&nbsp;&nbsp;&nbsp;&nbsp;&nbsp;&nbsp;&nbsp;&nbsp;&nbsp;&nbsp;&nbsp;&nbsp;&nbsp;&nbsp;&nbsp;&nbsp; http://www.apache.org/licenses/<br />\r\n	<br />\r\n	&nbsp;&nbsp; TERMS AND CONDITIONS FOR USE, REPRODUCTION, AND DISTRIBUTION<br />\r\n	<br />\r\n	&nbsp;&nbsp; 1. Definitions.<br />\r\n	<br />\r\n	&nbsp;&nbsp;&nbsp;&nbsp;&nbsp; &quot;License&quot; shall mean the terms and conditions for use, reproduction,<br />\r\n	&nbsp;&nbsp;&nbsp;&nbsp;&nbsp; and distribution as defined by Sections 1 through 9 of this document.<br />\r\n	<br />\r\n	&nbsp;&nbsp;&nbsp;&nbsp;&nbsp; &quot;Licensor&quot; shall mean the copyright owner or entity authorized by<br />\r\n	&nbsp;&nbsp;&nbsp;&nbsp;&nbsp; the copyright owner that is granting the License.<br />\r\n	<br />\r\n	&nbsp;&nbsp;&nbsp;&nbsp;&nbsp; &quot;Legal Entity&quot; shall mean the union of the acting entity and all<br />\r\n	&nbsp;&nbsp;&nbsp;&nbsp;&nbsp; other entities that control, are controlled by, or are under common<br />\r\n	&nbsp;&nbsp;&nbsp;&nbsp;&nbsp; control with that entity. For the purposes of this definition,<br />\r\n	&nbsp;&nbsp;&nbsp;&nbsp;&nbsp; &quot;control&quot; means (i) the power, direct or indirect, to cause the<br />\r\n	&nbsp;&nbsp;&nbsp;&nbsp;&nbsp; direction or management of such entity, whether by contract or<br />\r\n	&nbsp;&nbsp;&nbsp;&nbsp;&nbsp; otherwise, or (ii) ownership of fifty percent (50%) or more of the<br />\r\n	&nbsp;&nbsp;&nbsp;&nbsp;&nbsp; outstanding shares, or (iii) beneficial ownership of such entity.<br />\r\n	<br />\r\n	&nbsp;&nbsp;&nbsp;&nbsp;&nbsp; &quot;You&quot; (or &quot;Your&quot;) shall mean an individual or Legal Entity<br />\r\n	&nbsp;&nbsp;&nbsp;&nbsp;&nbsp; exercising permissions granted by this License.<br />\r\n	<br />\r\n	&nbsp;&nbsp;&nbsp;&nbsp;&nbsp; &quot;Source&quot; form shall mean the preferred form for making modifications,<br />\r\n	&nbsp;&nbsp;&nbsp;&nbsp;&nbsp; including but not limited to software source code, documentation<br />\r\n	&nbsp;&nbsp;&nbsp;&nbsp;&nbsp; source, and configuration files.<br />\r\n	<br />\r\n	&nbsp;&nbsp;&nbsp;&nbsp;&nbsp; &quot;Object&quot; form shall mean any form resulting from mechanical<br />\r\n	&nbsp;&nbsp;&nbsp;&nbsp;&nbsp; transformation or translation of a Source form, including but<br />\r\n	&nbsp;&nbsp;&nbsp;&nbsp;&nbsp; not limited to compiled object code, generated documentation,<br />\r\n	&nbsp;&nbsp;&nbsp;&nbsp;&nbsp; and conversions to other media types.<br />\r\n	<br />\r\n	&nbsp;&nbsp;&nbsp;&nbsp;&nbsp; &quot;Work&quot; shall mean the work of authorship, whether in Source or<br />\r\n	&nbsp;&nbsp;&nbsp;&nbsp;&nbsp; Object form, made available under the License, as indicated by a<br />\r\n	&nbsp;&nbsp;&nbsp;&nbsp;&nbsp; copyright notice that is included in or attached to the work<br />\r\n	&nbsp;&nbsp;&nbsp;&nbsp;&nbsp; (an example is provided in the Appendix below).<br />\r\n	<br />\r\n	&nbsp;&nbsp;&nbsp;&nbsp;&nbsp; &quot;Derivative Works&quot; shall mean any work, whether in Source or Object<br />\r\n	&nbsp;&nbsp;&nbsp;&nbsp;&nbsp; form, that is based on (or derived from) the Work and for which the<br />\r\n	&nbsp;&nbsp;&nbsp;&nbsp;&nbsp; editorial revisions, annotations, elaborations, or other modifications<br />\r\n	&nbsp;&nbsp;&nbsp;&nbsp;&nbsp; represent, as a whole, an original work of authorship. For the purposes<br />\r\n	&nbsp;&nbsp;&nbsp;&nbsp;&nbsp; of this License, Derivative Works shall not include works that remain<br />\r\n	&nbsp;&nbsp;&nbsp;&nbsp;&nbsp; separable from, or merely link (or bind by name) to the interfaces of,<br />\r\n	&nbsp;&nbsp;&nbsp;&nbsp;&nbsp; the Work and Derivative Works thereof.<br />\r\n	<br />\r\n	&nbsp;&nbsp;&nbsp;&nbsp;&nbsp; &quot;Contribution&quot; shall mean any work of authorship, including<br />\r\n	&nbsp;&nbsp;&nbsp;&nbsp;&nbsp; the original version of the Work and any modifications or additions<br />\r\n	&nbsp;&nbsp;&nbsp;&nbsp;&nbsp; to that Work or Derivative Works thereof, that is intentionally<br />\r\n	&nbsp;&nbsp;&nbsp;&nbsp;&nbsp; submitted to Licensor for inclusion in the Work by the copyright owner<br />\r\n	&nbsp;&nbsp;&nbsp;&nbsp;&nbsp; or by an individual or Legal Entity authorized to submit on behalf of<br />\r\n	&nbsp;&nbsp;&nbsp;&nbsp;&nbsp; the copyright owner. For the purposes of this definition, &quot;submitted&quot;<br />\r\n	&nbsp;&nbsp;&nbsp;&nbsp;&nbsp; means any form of electronic, verbal, or written communication sent<br />\r\n	&nbsp;&nbsp;&nbsp;&nbsp;&nbsp; to the Licensor or its representatives, including but not limited to<br />\r\n	&nbsp;&nbsp;&nbsp;&nbsp;&nbsp; communication on electronic mailing lists, source code control systems,<br />\r\n	&nbsp;&nbsp;&nbsp;&nbsp;&nbsp; and issue tracking systems that are managed by, or on behalf of, the<br />\r\n	&nbsp;&nbsp;&nbsp;&nbsp;&nbsp; Licensor for the purpose of discussing and improving the Work, but<br />\r\n	&nbsp;&nbsp;&nbsp;&nbsp;&nbsp; excluding communication that is conspicuously marked or otherwise<br />\r\n	&nbsp;&nbsp;&nbsp;&nbsp;&nbsp; designated in writing by the copyright owner as &quot;Not a Contribution.&quot;<br />\r\n	<br />\r\n	&nbsp;&nbsp;&nbsp;&nbsp;&nbsp; &quot;Contributor&quot; shall mean Licensor and any individual or Legal Entity<br />\r\n	&nbsp;&nbsp;&nbsp;&nbsp;&nbsp; on behalf of whom a Contribution has been received by Licensor and<br />\r\n	&nbsp;&nbsp;&nbsp;&nbsp;&nbsp; subsequently incorporated within the Work.<br />\r\n	<br />\r\n	&nbsp;&nbsp; 2. Grant of Copyright License. Subject to the terms and conditions of<br />\r\n	&nbsp;&nbsp;&nbsp;&nbsp;&nbsp; this License, each Contributor hereby grants to You a perpetual,<br />\r\n	&nbsp;&nbsp;&nbsp;&nbsp;&nbsp; worldwide, non-exclusive, no-charge, royalty-free, irrevocable<br />\r\n	&nbsp;&nbsp;&nbsp;&nbsp;&nbsp; copyright license to reproduce, prepare Derivative Works of,<br />\r\n	&nbsp;&nbsp;&nbsp;&nbsp;&nbsp; publicly display, publicly perform, sublicense, and distribute the<br />\r\n	&nbsp;&nbsp;&nbsp;&nbsp;&nbsp; Work and such Derivative Works in Source or Object form.<br />\r\n	<br />\r\n	&nbsp;&nbsp; 3. Grant of Patent License. Subject to the terms and conditions of<br />\r\n	&nbsp;&nbsp;&nbsp;&nbsp;&nbsp; this License, each Contributor hereby grants to You a perpetual,<br />\r\n	&nbsp;&nbsp;&nbsp;&nbsp;&nbsp; worldwide, non-exclusive, no-charge, royalty-free, irrevocable<br />\r\n	&nbsp;&nbsp;&nbsp;&nbsp;&nbsp; (except as stated in this section) patent license to make, have made,<br />\r\n	&nbsp;&nbsp;&nbsp;&nbsp;&nbsp; use, offer to sell, sell, import, and otherwise transfer the Work,<br />\r\n	&nbsp;&nbsp;&nbsp;&nbsp;&nbsp; where such license applies only to those patent claims licensable<br />\r\n	&nbsp;&nbsp;&nbsp;&nbsp;&nbsp; by such Contributor that are necessarily infringed by their<br />\r\n	&nbsp;&nbsp;&nbsp;&nbsp;&nbsp; Contribution(s) alone or by combination of their Contribution(s)<br />\r\n	&nbsp;&nbsp;&nbsp;&nbsp;&nbsp; with the Work to which such Contribution(s) was submitted. If You<br />\r\n	&nbsp;&nbsp;&nbsp;&nbsp;&nbsp; institute patent litigation against any entity (including a<br />\r\n	&nbsp;&nbsp;&nbsp;&nbsp;&nbsp; cross-claim or counterclaim in a lawsuit) alleging that the Work<br />\r\n	&nbsp;&nbsp;&nbsp;&nbsp;&nbsp; or a Contribution incorporated within the Work constitutes direct<br />\r\n	&nbsp;&nbsp;&nbsp;&nbsp;&nbsp; or contributory patent infringement, then any patent licenses<br />\r\n	&nbsp;&nbsp;&nbsp;&nbsp;&nbsp; granted to You under this License for that Work shall terminate<br />\r\n	&nbsp;&nbsp;&nbsp;&nbsp;&nbsp; as of the date such litigation is filed.<br />\r\n	<br />\r\n	&nbsp;&nbsp; 4. Redistribution. You may reproduce and distribute copies of the<br />\r\n	&nbsp;&nbsp;&nbsp;&nbsp;&nbsp; Work or Derivative Works thereof in any medium, with or without<br />\r\n	&nbsp;&nbsp;&nbsp;&nbsp;&nbsp; modifications, and in Source or Object form, provided that You<br />\r\n	&nbsp;&nbsp;&nbsp;&nbsp;&nbsp; meet the following conditions:<br />\r\n	<br />\r\n	&nbsp;&nbsp;&nbsp;&nbsp;&nbsp; (a) You must give any other recipients of the Work or<br />\r\n	&nbsp;&nbsp;&nbsp;&nbsp;&nbsp;&nbsp;&nbsp;&nbsp;&nbsp; Derivative Works a copy of this License; and<br />\r\n	<br />\r\n	&nbsp;&nbsp;&nbsp;&nbsp;&nbsp; (b) You must cause any modified files to carry prominent notices<br />\r\n	&nbsp;&nbsp;&nbsp;&nbsp;&nbsp;&nbsp;&nbsp;&nbsp;&nbsp; stating that You changed the files; and<br />\r\n	<br />\r\n	&nbsp;&nbsp;&nbsp;&nbsp;&nbsp; (c) You must retain, in the Source form of any Derivative Works<br />\r\n	&nbsp;&nbsp;&nbsp;&nbsp;&nbsp;&nbsp;&nbsp;&nbsp;&nbsp; that You distribute, all copyright, patent, trademark, and<br />\r\n	&nbsp;&nbsp;&nbsp;&nbsp;&nbsp;&nbsp;&nbsp;&nbsp;&nbsp; attribution notices from the Source form of the Work,<br />\r\n	&nbsp;&nbsp;&nbsp;&nbsp;&nbsp;&nbsp;&nbsp;&nbsp;&nbsp; excluding those notices that do not pertain to any part of<br />\r\n	&nbsp;&nbsp;&nbsp;&nbsp;&nbsp;&nbsp;&nbsp;&nbsp;&nbsp; the Derivative Works; and<br />\r\n	<br />\r\n	&nbsp;&nbsp;&nbsp;&nbsp;&nbsp; (d) If the Work includes a &quot;NOTICE&quot; text file as part of its<br />\r\n	&nbsp;&nbsp;&nbsp;&nbsp;&nbsp;&nbsp;&nbsp;&nbsp;&nbsp; distribution, then any Derivative Works that You distribute must<br />\r\n	&nbsp;&nbsp;&nbsp;&nbsp;&nbsp;&nbsp;&nbsp;&nbsp;&nbsp; include a readable copy of the attribution notices contained<br />\r\n	&nbsp;&nbsp;&nbsp;&nbsp;&nbsp;&nbsp;&nbsp;&nbsp;&nbsp; within such NOTICE file, excluding those notices that do not<br />\r\n	&nbsp;&nbsp;&nbsp;&nbsp;&nbsp;&nbsp;&nbsp;&nbsp;&nbsp; pertain to any part of the Derivative Works, in at least one<br />\r\n	&nbsp;&nbsp;&nbsp;&nbsp;&nbsp;&nbsp;&nbsp;&nbsp;&nbsp; of the following places: within a NOTICE text file distributed<br />\r\n	&nbsp;&nbsp;&nbsp;&nbsp;&nbsp;&nbsp;&nbsp;&nbsp;&nbsp; as part of the Derivative Works; within the Source form or<br />\r\n	&nbsp;&nbsp;&nbsp;&nbsp;&nbsp;&nbsp;&nbsp;&nbsp;&nbsp; documentation, if provided along with the Derivative Works; or,<br />\r\n	&nbsp;&nbsp;&nbsp;&nbsp;&nbsp;&nbsp;&nbsp;&nbsp;&nbsp; within a display generated by the Derivative Works, if and<br />\r\n	&nbsp;&nbsp;&nbsp;&nbsp;&nbsp;&nbsp;&nbsp;&nbsp;&nbsp; wherever such third-party notices normally appear. The contents<br />\r\n	&nbsp;&nbsp;&nbsp;&nbsp;&nbsp;&nbsp;&nbsp;&nbsp;&nbsp; of the NOTICE file are for informational purposes only and<br />\r\n	&nbsp;&nbsp;&nbsp;&nbsp;&nbsp;&nbsp;&nbsp;&nbsp;&nbsp; do not modify the License. You may add Your own attribution<br />\r\n	&nbsp;&nbsp;&nbsp;&nbsp;&nbsp;&nbsp;&nbsp;&nbsp;&nbsp; notices within Derivative Works that You distribute, alongside<br />\r\n	&nbsp;&nbsp;&nbsp;&nbsp;&nbsp;&nbsp;&nbsp;&nbsp;&nbsp; or as an addendum to the NOTICE text from the Work, provided<br />\r\n	&nbsp;&nbsp;&nbsp;&nbsp;&nbsp;&nbsp;&nbsp;&nbsp;&nbsp; that such additional attribution notices cannot be construed<br />\r\n	&nbsp;&nbsp;&nbsp;&nbsp;&nbsp;&nbsp;&nbsp;&nbsp;&nbsp; as modifying the License.<br />\r\n	<br />\r\n	&nbsp;&nbsp;&nbsp;&nbsp;&nbsp; You may add Your own copyright statement to Your modifications and<br />\r\n	&nbsp;&nbsp;&nbsp;&nbsp;&nbsp; may provide additional or different license terms and conditions<br />\r\n	&nbsp;&nbsp;&nbsp;&nbsp;&nbsp; for use, reproduction, or distribution of Your modifications, or<br />\r\n	&nbsp;&nbsp;&nbsp;&nbsp;&nbsp; for any such Derivative Works as a whole, provided Your use,<br />\r\n	&nbsp;&nbsp;&nbsp;&nbsp;&nbsp; reproduction, and distribution of the Work otherwise complies with<br />\r\n	&nbsp;&nbsp;&nbsp;&nbsp;&nbsp; the conditions stated in this License.<br />\r\n	<br />\r\n	&nbsp;&nbsp; 5. Submission of Contributions. Unless You explicitly state otherwise,<br />\r\n	&nbsp;&nbsp;&nbsp;&nbsp;&nbsp; any Contribution intentionally submitted for inclusion in the Work<br />\r\n	&nbsp;&nbsp;&nbsp;&nbsp;&nbsp; by You to the Licensor shall be under the terms and conditions of<br />\r\n	&nbsp;&nbsp;&nbsp;&nbsp;&nbsp; this License, without any additional terms or conditions.<br />\r\n	&nbsp;&nbsp;&nbsp;&nbsp;&nbsp; Notwithstanding the above, nothing herein shall supersede or modify<br />\r\n	&nbsp;&nbsp;&nbsp;&nbsp;&nbsp; the terms of any separate license agreement you may have executed<br />\r\n	&nbsp;&nbsp;&nbsp;&nbsp;&nbsp; with Licensor regarding such Contributions.<br />\r\n	<br />\r\n	&nbsp;&nbsp; 6. Trademarks. This License does not grant permission to use the trade<br />\r\n	&nbsp;&nbsp;&nbsp;&nbsp;&nbsp; names, trademarks, service marks, or product names of the Licensor,<br />\r\n	&nbsp;&nbsp;&nbsp;&nbsp;&nbsp; except as required for reasonable and customary use in describing the<br />\r\n	&nbsp;&nbsp;&nbsp;&nbsp;&nbsp; origin of the Work and reproducing the content of the NOTICE file.<br />\r\n	<br />\r\n	&nbsp;&nbsp; 7. Disclaimer of Warranty. Unless required by applicable law or<br />\r\n	&nbsp;&nbsp;&nbsp;&nbsp;&nbsp; agreed to in writing, Licensor provides the Work (and each<br />\r\n	&nbsp;&nbsp;&nbsp;&nbsp;&nbsp; Contributor provides its Contributions) on an &quot;AS IS&quot; BASIS,<br />\r\n	&nbsp;&nbsp;&nbsp;&nbsp;&nbsp; WITHOUT WARRANTIES OR CONDITIONS OF ANY KIND, either express or<br />\r\n	&nbsp;&nbsp;&nbsp;&nbsp;&nbsp; implied, including, without limitation, any warranties or conditions<br />\r\n	&nbsp;&nbsp;&nbsp;&nbsp;&nbsp; of TITLE, NON-INFRINGEMENT, MERCHANTABILITY, or FITNESS FOR A<br />\r\n	&nbsp;&nbsp;&nbsp;&nbsp;&nbsp; PARTICULAR PURPOSE. You are solely responsible for determining the<br />\r\n	&nbsp;&nbsp;&nbsp;&nbsp;&nbsp; appropriateness of using or redistributing the Work and assume any<br />\r\n	&nbsp;&nbsp;&nbsp;&nbsp;&nbsp; risks associated with Your exercise of permissions under this License.<br />\r\n	<br />\r\n	&nbsp;&nbsp; 8. Limitation of Liability. In no event and under no legal theory,<br />\r\n	&nbsp;&nbsp;&nbsp;&nbsp;&nbsp; whether in tort (including negligence), contract, or otherwise,<br />\r\n	&nbsp;&nbsp;&nbsp;&nbsp;&nbsp; unless required by applicable law (such as deliberate and grossly<br />\r\n	&nbsp;&nbsp;&nbsp;&nbsp;&nbsp; negligent acts) or agreed to in writing, shall any Contributor be<br />\r\n	&nbsp;&nbsp;&nbsp;&nbsp;&nbsp; liable to You for damages, including any direct, indirect, special,<br />\r\n	&nbsp;&nbsp;&nbsp;&nbsp;&nbsp; incidental, or consequential damages of any character arising as a<br />\r\n	&nbsp;&nbsp;&nbsp;&nbsp;&nbsp; result of this License or out of the use or inability to use the<br />\r\n	&nbsp;&nbsp;&nbsp;&nbsp;&nbsp; Work (including but not limited to damages for loss of goodwill,<br />\r\n	&nbsp;&nbsp;&nbsp;&nbsp;&nbsp; work stoppage, computer failure or malfunction, or any and all<br />\r\n	&nbsp;&nbsp;&nbsp;&nbsp;&nbsp; other commercial damages or losses), even if such Contributor<br />\r\n	&nbsp;&nbsp;&nbsp;&nbsp;&nbsp; has been advised of the possibility of such damages.<br />\r\n	<br />\r\n	&nbsp;&nbsp; 9. Accepting Warranty or Additional Liability. While redistributing<br />\r\n	&nbsp;&nbsp;&nbsp;&nbsp;&nbsp; the Work or Derivative Works thereof, You may choose to offer,<br />\r\n	&nbsp;&nbsp;&nbsp;&nbsp;&nbsp; and charge a fee for, acceptance of support, warranty, indemnity,<br />\r\n	&nbsp;&nbsp;&nbsp;&nbsp;&nbsp; or other liability obligations and/or rights consistent with this<br />\r\n	&nbsp;&nbsp;&nbsp;&nbsp;&nbsp; License. However, in accepting such obligations, You may act only<br />\r\n	&nbsp;&nbsp;&nbsp;&nbsp;&nbsp; on Your own behalf and on Your sole responsibility, not on behalf<br />\r\n	&nbsp;&nbsp;&nbsp;&nbsp;&nbsp; of any other Contributor, and only if You agree to indemnify,<br />\r\n	&nbsp;&nbsp;&nbsp;&nbsp;&nbsp; defend, and hold each Contributor harmless for any liability<br />\r\n	&nbsp;&nbsp;&nbsp;&nbsp;&nbsp; incurred by, or claims asserted against, such Contributor by reason<br />\r\n	&nbsp;&nbsp;&nbsp;&nbsp;&nbsp; of your accepting any such warranty or additional liability.<br />\r\n	<br />\r\n	&nbsp;&nbsp; END OF TERMS AND CONDITIONS<br />\r\n	<br />\r\n	&nbsp;&nbsp; APPENDIX: How to apply the Apache License to your work.<br />\r\n	<br />\r\n	&nbsp;&nbsp;&nbsp;&nbsp;&nbsp; To apply the Apache License to your work, attach the following<br />\r\n	&nbsp;&nbsp;&nbsp;&nbsp;&nbsp; boilerplate notice, with the fields enclosed by brackets &quot;[]&quot;<br />\r\n	&nbsp;&nbsp;&nbsp;&nbsp;&nbsp; replaced with your own identifying information. (Don&#39;t include<br />\r\n	&nbsp;&nbsp;&nbsp;&nbsp;&nbsp; the brackets!)&nbsp; The text should be enclosed in the appropriate<br />\r\n	&nbsp;&nbsp;&nbsp;&nbsp;&nbsp; comment syntax for the file format. We also recommend that a<br />\r\n	&nbsp;&nbsp;&nbsp;&nbsp;&nbsp; file or class name and description of purpose be included on the<br />\r\n	&nbsp;&nbsp;&nbsp;&nbsp;&nbsp; same &quot;printed page&quot; as the copyright notice for easier<br />\r\n	&nbsp;&nbsp;&nbsp;&nbsp;&nbsp; identification within third-party archives.<br />\r\n	<br />\r\n	&nbsp;&nbsp; Copyright [yyyy] [name of copyright owner]<br />\r\n	<br />\r\n	&nbsp;&nbsp; Licensed under the Apache License, Version 2.0 (the &quot;License&quot;);<br />\r\n	&nbsp;&nbsp; you may not use this file except in compliance with the License.<br />\r\n	&nbsp;&nbsp; You may obtain a copy of the License at<br />\r\n	<br />\r\n	&nbsp;&nbsp;&nbsp;&nbsp;&nbsp;&nbsp; http://www.apache.org/licenses/LICENSE-2.0<br />\r\n	<br />\r\n	&nbsp;&nbsp; Unless required by applicable law or agreed to in writing, software<br />\r\n	&nbsp;&nbsp; distributed under the License is distributed on an &quot;AS IS&quot; BASIS,<br />\r\n	&nbsp;&nbsp; WITHOUT WARRANTIES OR CONDITIONS OF ANY KIND, either express or implied.<br />\r\n	&nbsp;&nbsp; See the License for the specific language governing permissions and<br />\r\n	&nbsp;&nbsp; limitations under the License.<br />\r\n	&nbsp;</p>','c60bebab-cf84-4ba9-8c79-3dff5c2dc427','7a4d22d6-762b-46e5-895b-d62da52bf9cb','','1',2,NULL,'1',''),('16ec77b8-38d9-406b-8142-92292b48ea7d','源代码','','',NULL,'','f2417969-1508-470e-862c-ae1adfcd04e7','7a4d22d6-762b-46e5-895b-d62da52bf9cb','http://code.google.com/p/freecms/source/checkout','1',2,NULL,'1',''),('43283229-fd90-4632-8614-89c8831746dd','加入FreeTeam','','',NULL,'<h1>\r\n	加入FreeTeam</h1>\r\n<p>\r\n	<a href=\"http://code.google.com/p/freecms/wiki/FreeCMS\">FreeCMS</a>目前使用SVN来控制程序版本，如果您想加入<a href=\"http://code.google.com/p/freecms/wiki/FreeTeam\">FreeTeam</a>，最好先弄明白SVN的使用方法。<a href=\"http://code.google.com/p/freecms/wiki/FreeCMS\">FreeCMS</a>托管在google code上，google code把开发人员分成项目所有者和项目成员两种身份，他们都可以向SVN提交代码。因此如果您想向<a href=\"http://code.google.com/p/freecms/wiki/FreeCMS\">FreeCMS</a>的SVN提交代码必须具备以下条件</p>\r\n<ul>\r\n	<li>\r\n		1.必要的职业技能水平，不一定是程序员，<a href=\"http://code.google.com/p/freecms/wiki/FreeTeam\">FreeTeam</a>也需要前端工程师和设计师，以及文档撰写者。</li>\r\n	<li>\r\n		2.热衷于开源软件事业</li>\r\n	<li>\r\n		3.一个google的帐号:)</li>\r\n</ul>\r\n<p>\r\n	如果您觉得自己具备了这些条件，又迫不及待地想加入到<a href=\"http://code.google.com/p/freecms/wiki/FreeTeam\">FreeTeam</a>之中，请立即向freeteam@foxmail.com提交您的请求，<a href=\"http://code.google.com/p/freecms/wiki/FreeTeam\">FreeTeam</a>将尽快组织人员对您的请求给予答复。邮件请按以下格式撰写:</p>\r\n<ul>\r\n	<li>\r\n		真实姓名</li>\r\n	<li>\r\n		常用电子邮件</li>\r\n	<li>\r\n		Google帐号</li>\r\n	<li>\r\n		希望从事的工作</li>\r\n	<li>\r\n		自我介绍</li>\r\n</ul>\r\n<p>\r\n	<a href=\"http://code.google.com/p/freecms/wiki/FreeTeam\">FreeTeam</a>欢迎您的加入!</p>','b13493bc-fae7-4908-8c1f-9f4a18426222','7a4d22d6-762b-46e5-895b-d62da52bf9cb','','1',4,NULL,'1',''),('529669e6-2765-4091-8f2a-bb99b379c5c0','下载','','',NULL,'','f2417969-1508-470e-862c-ae1adfcd04e7','7a4d22d6-762b-46e5-895b-d62da52bf9cb','http://code.google.com/p/freecms/downloads/list','1',NULL,NULL,'1',''),('6555dd8b-7acc-4e57-a19a-cc70dd4f7135','动态','栏目信息列表.html','',NULL,'','c60bebab-cf84-4ba9-8c79-3dff5c2dc427','7a4d22d6-762b-46e5-895b-d62da52bf9cb','','1',0,NULL,'1',''),('7681f4e6-fba1-40c5-9bba-eb3c274bd499','维基','','',NULL,'','c60bebab-cf84-4ba9-8c79-3dff5c2dc427','7a4d22d6-762b-46e5-895b-d62da52bf9cb','http://code.google.com/p/freecms/wiki/Wiki','1',4,NULL,'1',''),('7bdbcb40-0ca7-4bc7-91da-e8cb9c569a2b','解决方案','','',NULL,'<h1>\r\n	解决方案</h1>\r\n<h2>\r\n	政府部门网站解决方案</h2>\r\n<p>\r\n	政府部门网站解决方案倡导&quot;安全、共享、协同、应用&quot;的理念，遵循国家电子政务标准实施中&quot;统一组织领导、统一规划实施、统一标准规范、同一网络平台、统一安全管理&quot;的基本原则，充分发挥政府网站有效服务社会的应用职能，有效推进政府信息群架构进程。</p>\r\n<h2>\r\n	集团企业门户解决方案</h2>\r\n<p>\r\n	集团企业门户解决方案从&quot;集成管理、随需应变&quot;的理念出发，不但把集团的企业、集团的产品等相关信息展示给我们的客户、合作伙伴和业内同行，同时也能给他们提供一个便捷有效的反馈平台，商务平台，在网上实现在线企业的概念。使集团的业务能超越时间和空间的限制，在业内更具有竞争力。</p>\r\n<h2>\r\n	大型资讯门户整体解决方案</h2>\r\n<p>\r\n	大型资讯类门户网站最核心的部分是解决资讯来源问题，需要保证能够获取大量实时资讯内容，同时需要保证网站能够无差错不间断的稳定运行。 大型信息门户整体解决方案专为大型资讯类门户网站而设计，定时自动采集模块能够不断获取资讯内容，定时生成、定时备份等多项措施能够减轻维护人员工作量，同时经过考验的CMS系统能够为大型网站提供最佳的整体方案解决可能遇到的各种问题。</p>\r\n<h2>\r\n	大型门户CMS集成解决方案</h2>\r\n<p>\r\n	大型门户网站需要一个强大的CMS系统作为支撑，要求CMS系统不但能够管理资讯信息，同时能够将门户系统内的业务相关数据集成显示，统一纳入CMS中进行管理。 大型门户CMS集成解决方案能够将电子商务门户、行业门户网站、娱乐门户网站、证券门户网站等拥有除资讯外信息的多类网站整合到FreeCMS系统中进行维护管理，将业务数据、产品数据、信息交互等多种信息静态化，使维护大型网站不再困难。</p>\r\n<h2>\r\n	企业信息门户解决方案</h2>\r\n<p>\r\n	针对各种不同的企业，FreeCMS将为您提供全方位的网站解决方案，为您搭建一个集个性化与网下活动同步、拓展范围更广、信息及其应用范围更广的专业网络宣传与交流门户平台。</p>','f9dda97c-a26c-40a3-8a13-12db9538c864','7a4d22d6-762b-46e5-895b-d62da52bf9cb','','1',2,NULL,'1',''),('7c4171d2-d677-447e-a478-16a73d9c625f','其它','','',NULL,'','','7a4d22d6-762b-46e5-895b-d62da52bf9cb','','1',6,NULL,'1',''),('860f8115-fdd5-438b-a445-1c27e7f6a685','常见问题解答','','',NULL,'<h1>\r\n	常见问题解答</h1>\r\n<h2>\r\n	FreeCMS公开所有源码么?</h2>\r\n<p>\r\n	FreeCMS遵守Apache License 2.0开源协议，并公开所有源码，您可以随意下载并传播源码，并可根据自己的需求进行二次开发，但<a href=\"http://code.google.com/p/freecms/wiki/FreeTeam\">FreeTeam</a>保留对FreeCMS的所有权。</p>\r\n<h2>\r\n	FreeCMS可以免费商用么?</h2>\r\n<p>\r\n	免费是FreeCMS的宗旨，您可以使用FreeCMS建设自己的个人站点，也可以应用于商业项目而无需商业授权。</p>','c60bebab-cf84-4ba9-8c79-3dff5c2dc427','7a4d22d6-762b-46e5-895b-d62da52bf9cb','','1',3,NULL,'1',''),('864e2a6a-1937-43c4-b02f-630463ea3c9b','Bug报告','','',NULL,'<h1>\r\n	Bug报告</h1>\r\n<p>\r\n	Bug 是期望之外的瑕疵，错误，缺陷，或<a href=\"http://code.google.com/p/freecms/wiki/FreeCMS\">FreeCMS</a>的不完美之处。<a href=\"http://code.google.com/p/freecms/wiki/FreeTeam\">FreeTeam</a>希望知道<a href=\"http://code.google.com/p/freecms/wiki/FreeCMS\">FreeCMS</a>在使用中拥有哪些问题。</p>\r\n<p>\r\n	您可以发送标题如&quot;Bug报告:XXXXXX&quot;格式的邮件至freeteam@foxmail.com。</p>\r\n<p>\r\n	要使报告的信息有用，bug 报告需要尽可能详细。在提交报告或考虑报告 bug 时请根据如下指示说明：</p>\r\n<ul>\r\n	<li>\r\n		1.确保您在使用<a href=\"http://code.google.com/p/freecms/wiki/FreeCMS\">FreeCMS</a>最新版本。</li>\r\n	<li>\r\n		2.在描述问题时请包含尽可能多的相关细节。</li>\r\n	<li>\r\n		3.确定 bug 是可以重现的，即:当您重复同样操作时，问题会重复出现。请包含导致 bug 出现的操作信息。</li>\r\n	<li>\r\n		4.一个 bug 请提交一个 bug 报告；请勿在一个 bug 报告中包含众多问题。</li>\r\n	<li>\r\n		5.在提交bug报告前请检查报告内容，确保其中已经包含了所有想要表达的内容。</li>\r\n</ul>\r\n<p>\r\n	报告提交后，<a href=\"http://code.google.com/p/freecms/wiki/FreeTeam\">FreeTeam</a>将尽快响应您的bug报告。</p>\r\n<p>\r\n	感谢您抽时间帮助<a href=\"http://code.google.com/p/freecms/wiki/FreeTeam\">FreeTeam</a>改进<a href=\"http://code.google.com/p/freecms/wiki/FreeCMS\">FreeCMS</a>的功能！</p>','b13493bc-fae7-4908-8c1f-9f4a18426222','7a4d22d6-762b-46e5-895b-d62da52bf9cb','','1',2,NULL,'1',''),('92897509-f7ad-4169-9cbb-8635d152fb41','关于','栏目页面.html','',NULL,'<h1 id=\"What\">\r\n	什么是FreeTeam？</h1>\r\n<p>\r\n	<trans data-src=\"The Apache HTTP Server Project is a collaborative software development\" style=\"background: none transparent scroll repeat 0% 0%\">FreeTeam开发组织是一个协同软件开发组织，致力于建立一个强大的、商业级、功能丰富和</trans><trans data-src=\"freely-available source code implementation of an HTTP (Web) server. \">免费提供源代码的开发组织。</trans><trans data-src=\"The\">本</trans><trans data-src=\"project is jointly managed by a group of volunteers located around the\">组织是由一组遍布全国的志愿者，使用互联网和网络沟通，计划和开发相关项目的。</trans><trans data-src=\"This project is part of the Apache\"></trans><trans data-src=\"In addition, hundreds of users have contributed ideas,\"></trans><trans data-src=\"code, and documentation to the project. \"><trans data-src=\"In February of 1995, the most popular server software on the Web was the\" style=\"background: none transparent scroll repeat 0% 0%\"></trans></trans></p>\r\n<p>\r\n	<trans data-src=\"If you just want to send in an occasional suggestion/fix, then you can\">\r\n	<p>\r\n		<trans data-src=\"code, and documentation to the project. \">\r\n		<h1 id=\"Involved\">\r\n			<trans data-src=\"Getting Involved\">参与</trans></h1>\r\n		<p>\r\n			<trans data-src=\"If you just want to send in an occasional suggestion/fix, then you can\">如果您有任何关于FreeTeam开发组织或其开发项目的建议或问题，您可以直接发送邮件到<a href=\"mailto:freeteam@foxmail.com\">freeteam@foxmail.com</a><news:comp.infosystems.www.servers.ms-windows>。</news:comp.infosystems.www.servers.ms-windows></trans></p>\r\n		</trans></p>\r\n	</trans></p>','c60bebab-cf84-4ba9-8c79-3dff5c2dc427','7a4d22d6-762b-46e5-895b-d62da52bf9cb','','1',1,NULL,'1',''),('adc2c031-42a7-4555-af57-5c9937dbbfe9','讨论','','',NULL,'','c60bebab-cf84-4ba9-8c79-3dff5c2dc427','7a4d22d6-762b-46e5-895b-d62da52bf9cb','http://code.google.com/p/freecms/issues/list','1',5,NULL,'1',''),('b13493bc-fae7-4908-8c1f-9f4a18426222','参与','','',NULL,'','','7a4d22d6-762b-46e5-895b-d62da52bf9cb','','1',5,NULL,'1',''),('c2ed4a9f-fc59-4cba-91c6-098b248021ab','捐赠','','',NULL,'<h1>\r\n	捐赠</h1>\r\n<p>\r\n	开源离不开大家的支持! 有大家的支持<a href=\"http://code.google.com/p/freecms/wiki/FreeTeam\">FreeTeam</a>会做的更好!</p>\r\n<p>\r\n	欢迎并感谢大家对<a href=\"http://code.google.com/p/freecms/wiki/FreeTeam\">FreeTeam</a>进行捐赠，大家可以进入<a href=\"https://me.alipay.com/freeteam\" rel=\"nofollow\">捐赠主页</a>进行捐赠。</p>','7c4171d2-d677-447e-a478-16a73d9c625f','7a4d22d6-762b-46e5-895b-d62da52bf9cb','','1',1,NULL,'1',''),('c60bebab-cf84-4ba9-8c79-3dff5c2dc427','要点','','',NULL,'','','7a4d22d6-762b-46e5-895b-d62da52bf9cb','','1',1,NULL,'1',''),('d8aa15d1-710c-4931-8c3b-b0b2d3db3d56','贡献源码','','',NULL,'<h1>\r\n	贡献源码</h1>\r\n<p>\r\n	如果您在使用<a href=\"http://code.google.com/p/freecms/wiki/FreeCMS\">FreeCMS</a>时，感觉您的源码、功能模块、页面模板、标签、或建设建议很好，并想贡献出来，您可以发送标题如&quot;贡献源码:XXXXXX&quot;格式的邮件至freeteam@foxmail.com。</p>\r\n<p>\r\n	要使贡献的源码有用，贡献源码邮件需要尽可能详细。在提交邮件或考虑贡献源码时请根据如下指示说明：</p>\r\n<ul>\r\n	<li>\r\n		1.确保<a href=\"http://code.google.com/p/freecms/wiki/FreeCMS\">FreeCMS</a>最新版本没有您所贡献的源码。</li>\r\n	<li>\r\n		2.请详细描述您贡献的源码所完成的功能。</li>\r\n	<li>\r\n		3.在描述如何把源码集成到<a href=\"http://code.google.com/p/freecms/wiki/FreeCMS\">FreeCMS</a>时请包含尽可能多的相关细节。</li>\r\n	<li>\r\n		4.一个完整的源码包请提交一个贡献源码邮件；请勿在一个贡献源码邮件中包含众多源码包。</li>\r\n	<li>\r\n		5.在提交贡献源码邮件前请检查邮件内容，确保其中已经包含了所有想要表达的内容。</li>\r\n</ul>\r\n<p>\r\n	贡献源码邮件提交后，<a href=\"http://code.google.com/p/freecms/wiki/FreeTeam\">FreeTeam</a>将尽快响应您的贡献源码邮件。</p>\r\n<p>\r\n	&nbsp;</p>\r\n<p>\r\n	感谢您抽时间帮助<a href=\"http://code.google.com/p/freecms/wiki/FreeTeam\">FreeTeam</a>改进<a href=\"http://code.google.com/p/freecms/wiki/FreeCMS\">FreeCMS</a>的功能！</p>','b13493bc-fae7-4908-8c1f-9f4a18426222','7a4d22d6-762b-46e5-895b-d62da52bf9cb','','1',3,NULL,'1',''),('f2417969-1508-470e-862c-ae1adfcd04e7','下载','','',NULL,'','','7a4d22d6-762b-46e5-895b-d62da52bf9cb','','1',2,NULL,'1',''),('f9dda97c-a26c-40a3-8a13-12db9538c864','获得支持','','',NULL,'','','7a4d22d6-762b-46e5-895b-d62da52bf9cb','','1',4,NULL,'1',''),('fba30fa6-107e-41ec-a134-50855a847857','服务支持','','',NULL,'<h1>\r\n	服务支持</h1>\r\n<p>\r\n	首先<a href=\"http://code.google.com/p/freecms/wiki/FreeTeam\">FreeTeam</a>感谢您选择并使用<a href=\"http://code.google.com/p/freecms/wiki/FreeCMS\">FreeCMS</a>，<a href=\"http://code.google.com/p/freecms/wiki/FreeTeam\">FreeTeam</a>将为您提供全方位的持续稳定的支持服务，确保项目的可持续性，为您提供信心保障，最大化的体现项目的价值。<br />\r\n	<br />\r\n	<a href=\"http://code.google.com/p/freecms/wiki/FreeTeam\">FreeTeam</a>提供两种服务支持方式，一种是免费支持，一种是赞助支持。</p>\r\n<h2>\r\n	免费支持</h2>\r\n<p>\r\n	免费支持面向所有用户，您可以通过以下方式获取免费支持:</p>\r\n<ul>\r\n	<li>\r\n		讨论支持：您可以直接在<a href=\"http://code.google.com/p/freecms/issues/list\" rel=\"nofollow\">讨论区</a>发布您遇到的问题或解答别人的问题，<a href=\"http://code.google.com/p/freecms/wiki/FreeTeam\">FreeTeam</a>将尽快处理您所提出的问题。</li>\r\n	<li>\r\n		产品升级：针对<a href=\"http://code.google.com/p/freecms/wiki/FreeCMS\">FreeCMS</a>的新版本，提供终生免费升级并通过<a href=\"http://code.google.com/p/freecms/issues/list\" rel=\"nofollow\">讨论区</a>提供程序升级问题解答。</li>\r\n	<li>\r\n		BUG清除：清除<a href=\"http://code.google.com/p/freecms/wiki/FreeCMS\">FreeCMS</a>中出现的任何BUG。</li>\r\n	<li>\r\n		安全预警：当程序有重大安全隐患时，通过<a href=\"http://code.google.com/p/freecms/issues/list\" rel=\"nofollow\">讨论区</a>进行预警通知，并提供解决方案。</li>\r\n	<li>\r\n		帮助教程：使用<a href=\"http://code.google.com/p/freecms/wiki/Wiki\">Wiki</a>提供<a href=\"http://code.google.com/p/freecms/wiki/FreeCMS\">FreeCMS</a>的教程、操作手册以及二次开发文档等相关帮助。</li>\r\n</ul>\r\n<p>\r\n	&nbsp;</p>\r\n<h2>\r\n	赞助支持</h2>\r\n<p>\r\n	赞助支持主要针对有特殊需求的用户，您需要赞助一定的费用才能得到以下相应的支持项目。</p>\r\n<h3>\r\n	基础支持</h3>\r\n<ul>\r\n	<li>\r\n		软件安装服务:500元/次。</li>\r\n	<li>\r\n		软件升级操作服务:500元/次。</li>\r\n</ul>\r\n<h3>\r\n	网站安全与服务器</h3>\r\n<ul>\r\n	<li>\r\n		服务器迁移:500元/次。</li>\r\n	<li>\r\n		系统故障诊断:300元/次。</li>\r\n	<li>\r\n		系统修复服务:300元/小时。</li>\r\n	<li>\r\n		服务器安全检测配置:800元/次。</li>\r\n	<li>\r\n		网站安全检测和设置:800元/次。</li>\r\n</ul>\r\n<h3>\r\n	培训与技术支持</h3>\r\n<ul>\r\n	<li>\r\n		软件远程培训服务:100元/小时。</li>\r\n	<li>\r\n		软件现场培训服务:600元/人天。</li>\r\n	<li>\r\n		软件上门培训服务:1000元/人天。</li>\r\n	<li>\r\n		QQ技术支持服务:2600元/年。</li>\r\n</ul>\r\n<h3>\r\n	项目应用支持</h3>\r\n<ul>\r\n	<li>\r\n		系统功能模板实现:100元/小时。</li>\r\n	<li>\r\n		模板错误诊断:100元/次。</li>\r\n	<li>\r\n		模板错误修正服务:150元/小时。</li>\r\n	<li>\r\n		模板局部修改:150元/小时。</li>\r\n	<li>\r\n		栏目架构调整:150元/小时。</li>\r\n</ul>\r\n<h3>\r\n	内容维护</h3>\r\n<ul>\r\n	<li>\r\n		信息发布:100元/小时。</li>\r\n	<li>\r\n		内容更新:100元/小时。</li>\r\n</ul>\r\n<h3>\r\n	定制服务</h3>\r\n<p>\r\n	定制服务是由<a href=\"http://code.google.com/p/freecms/wiki/FreeTeam\">FreeTeam</a>开发人员根据您的网站运营的实际功能需求，对<a href=\"http://code.google.com/p/freecms/wiki/FreeCMS\">FreeCMS</a>进行功能和模板定制开发的服务。鉴于不同站点有不同的实际具体功能需求，为了让更多的用户体验<a href=\"http://code.google.com/p/freecms/wiki/FreeCMS\">FreeCMS</a>的强大易用功能，<a href=\"http://code.google.com/p/freecms/wiki/FreeTeam\">FreeTeam</a>提供在系统基础上进行程序定制和模板定制，对于有定制需求的用户，欢迎联系定制。<br />\r\n	<br />\r\n	为了更好的服务用户，<a href=\"http://code.google.com/p/freecms/wiki/FreeTeam\">FreeTeam</a>针对地理位置较近的用户提供现场开发服务，赞助费用为1000元/人天。</p>\r\n<h4>\r\n	定制流程</h4>\r\n<ul>\r\n	<li>\r\n		1.用户提出建站基本需求:用户向<a href=\"http://code.google.com/p/freecms/wiki/FreeTeam\">FreeTeam</a>提出程序或模板定制的基本需求，包括功能实现详细要求等，并提供详细的程序定制需求说明或者参考网站。</li>\r\n	<li>\r\n		2.项目建设方案及报价款:<a href=\"http://code.google.com/p/freecms/wiki/FreeTeam\">FreeTeam</a>将根据用户提供的程序定制需求说明，反馈报价供用户参考。经双方交流与磋商，确定具体程序定制的内容及赞助费用。</li>\r\n	<li>\r\n		3.签订程序定制协议，用户赞助报价的50%:双方签订《程序定制协议》[可选] ，用户赞助报价的50%。相关技术人员与用户通过QQ、电子邮件、电话等方式进行交流。</li>\r\n	<li>\r\n		4.网站测试，用户上网验收:将测试网站功能文件上传至测试服务器，用户上网浏览并验收。验收项目包括：所定制的功能模块运行是否正常。验收合格后，用户签发《程序验收合格书》。</li>\r\n	<li>\r\n		5.用户赞助余款，网站建设过程结束:用户按照《程序定制协议》，支付剩余程序定制赞助费用。<a href=\"http://code.google.com/p/freecms/wiki/FreeTeam\">FreeTeam</a>在收到余款后，将相关定制程序文件递交给用户；或应用户要求将文件直接上传至客户服务器上。至此，程序定制过程全部结束。</li>\r\n</ul>','f9dda97c-a26c-40a3-8a13-12db9538c864','7a4d22d6-762b-46e5-895b-d62da52bf9cb','','1',1,NULL,'1','');

/*Table structure for table `freecms_config` */

DROP TABLE IF EXISTS `freecms_config`;

CREATE TABLE `freecms_config` (
  `code` varchar(50) NOT NULL,
  `name` varchar(50) DEFAULT NULL,
  `configValue` varchar(500) DEFAULT NULL,
  `orderNum` int(11) DEFAULT NULL,
  PRIMARY KEY (`code`)
) ENGINE=InnoDB DEFAULT CHARSET=utf8 COMMENT='配置';

/*Data for the table `freecms_config` */

insert  into `freecms_config`(`code`,`name`,`configValue`,`orderNum`) values ('memberLimitName','会员禁用登录名(多个用,号分隔)','员禁用登录名：fdsfdsfs',NULL);

/*Table structure for table `freecms_func` */

DROP TABLE IF EXISTS `freecms_func`;

CREATE TABLE `freecms_func` (
  `id` varchar(36) NOT NULL,
  `name` varchar(100) NOT NULL,
  `isOk` char(1) NOT NULL,
  `orderNum` int(11) NOT NULL,
  `url` varchar(1000) NOT NULL,
  `parId` varchar(36) NOT NULL,
  PRIMARY KEY (`id`)
) ENGINE=InnoDB DEFAULT CHARSET=utf8 COMMENT='功能';

/*Data for the table `freecms_func` */

insert  into `freecms_func`(`id`,`name`,`isOk`,`orderNum`,`url`,`parId`) values ('003c47c5-7041-4cfa-8631-82c00ab3fb35','菜单管理','1',100,'func.jsp',''),('08cfd343-2803-403e-b952-f7d41199d8e1','快速添加','1',0,'cms/info_edit.do','cb42d736-3386-42b8-a9f7-62840c4ecefa'),('0bec6b84-19be-4d99-bc44-ca1d8472148f','图片链接管理','1',4,'cms/link_list.do?link.type=2','26622672-9a10-4e4e-93a7-7fe50a9208b3'),('12187d67-5ab9-4ae4-bbee-9a772cebd0de','用户管理','1',1,'user_list.do','15dfc8ac-bfda-40cc-abb1-f563c1a1d1d2'),('15dfc8ac-bfda-40cc-abb1-f563c1a1d1d2','用户管理','1',99,'',''),('18974989-cd85-48b2-8169-348bc3481ef8','文字链接分类','1',5,'cms/link_clazz.do?link.type=3','26622672-9a10-4e4e-93a7-7fe50a9208b3'),('19eebfb0-16b5-40eb-a909-1bd37ef7d745','站点管理','1',0,'cms/site_site.do',''),('2403873a-48fb-48ac-acd0-af4098df1a0a','添加用户','1',0,'userEdit.jsp','15dfc8ac-bfda-40cc-abb1-f563c1a1d1d2'),('26622672-9a10-4e4e-93a7-7fe50a9208b3','链接管理','1',5,'',''),('3dc03dc5-56ba-46d9-b8ab-78d19c04cd86','角色管理','1',102,'',''),('425d0211-0196-4456-a24b-3e8d614dec8b','信息管理','1',1,'cms/info_info.do','cb42d736-3386-42b8-a9f7-62840c4ecefa'),('4331df96-2b8d-4dcf-9bdb-1015dfd0a759','图片链接分类','1',3,'cms/link_clazz.do?link.type=2','26622672-9a10-4e4e-93a7-7fe50a9208b3'),('47b80631-bb6e-4abd-8e47-5b99bce8b3bd','操作日志','1',105,'operLog_list.do',''),('5257f8fd-9da2-4e83-8538-b6ffca22e45a','模板管理','1',3,'cms/templet_list.do',''),('58fe298f-b448-40bb-a1c0-d81134efa4af','信息页静态化','1',3,'cms/html_info.do','e63b222f-3ccb-4e22-b8ab-7cd0dece9f06'),('5a47681c-63c3-47b1-8e1f-34d4dbba7d85','文字链接管理','1',6,'cms/link_list.do?link.type=3','26622672-9a10-4e4e-93a7-7fe50a9208b3'),('5f3a8e01-4216-4982-b07b-ad367fe9ef96','栏目页静态化','1',2,'cms/html_channel.do','e63b222f-3ccb-4e22-b8ab-7cd0dece9f06'),('66ecf6f7-1911-4e7e-8089-3a01f44a6d12','单位管理','1',98,'unit.jsp',''),('67025758-eb65-40b1-a59c-edee1b3ae938','下拉链接分类','1',1,'cms/link_clazz.do?link.type=1','26622672-9a10-4e4e-93a7-7fe50a9208b3'),('6c561fe7-2013-4ce5-bf9a-42874b07a99e','站点设置','1',0,'cms/site_config.do',''),('6f32a2b6-a552-4a91-a10c-2962af63eca7','添加角色','1',0,'role_edit.do','3dc03dc5-56ba-46d9-b8ab-78d19c04cd86'),('88749e6a-a8ec-47ef-aa4a-f7912d0ed12c','下拉链接管理','1',2,'cms/link_list.do?link.type=1','26622672-9a10-4e4e-93a7-7fe50a9208b3'),('8afb6f01-ae46-447c-acfa-1a6e0964bbba','角色管理','1',1,'role_list.do','3dc03dc5-56ba-46d9-b8ab-78d19c04cd86'),('c0ac116b-2b2a-4a09-ba25-0c2fffc12b4d','栏目管理','1',1,'cms/channel_channel.do',''),('cb42d736-3386-42b8-a9f7-62840c4ecefa','信息管理','1',2,'',''),('e3066945-edb5-43ca-b29a-a0f96f98a50e','首页静态化','1',1,'cms/html_indexConfirm.do','e63b222f-3ccb-4e22-b8ab-7cd0dece9f06'),('e63b222f-3ccb-4e22-b8ab-7cd0dece9f06','静态化管理','1',4,'','');

/*Table structure for table `freecms_info` */

DROP TABLE IF EXISTS `freecms_info`;

CREATE TABLE `freecms_info` (
  `id` varchar(50) NOT NULL,
  `site` varchar(50) DEFAULT NULL,
  `channel` varchar(50) DEFAULT NULL,
  `title` varchar(500) DEFAULT NULL,
  `shortTitle` varchar(100) DEFAULT NULL,
  `titleColor` varchar(10) DEFAULT NULL,
  `titleBlod` varchar(1) DEFAULT NULL,
  `source` varchar(50) DEFAULT NULL,
  `author` varchar(50) DEFAULT NULL,
  `description` varchar(1000) DEFAULT NULL,
  `content` text,
  `tags` varchar(1000) DEFAULT NULL,
  `img` varchar(500) DEFAULT NULL,
  `url` varchar(500) DEFAULT NULL,
  `attchs` varchar(1000) DEFAULT NULL,
  `addtime` datetime DEFAULT NULL,
  `templet` varchar(50) DEFAULT NULL,
  `isTop` varchar(1) DEFAULT NULL,
  `topEndTime` datetime DEFAULT NULL,
  `clickNum` int(11) DEFAULT NULL,
  `addUser` varchar(50) DEFAULT NULL,
  `state` varchar(1) DEFAULT NULL,
  PRIMARY KEY (`id`),
  KEY `FK_信息_栏目` (`channel`),
  CONSTRAINT `FK_信息_栏目` FOREIGN KEY (`channel`) REFERENCES `freecms_channel` (`id`) ON DELETE CASCADE ON UPDATE CASCADE
) ENGINE=InnoDB DEFAULT CHARSET=utf8 COMMENT='信息';

/*Data for the table `freecms_info` */

insert  into `freecms_info`(`id`,`site`,`channel`,`title`,`shortTitle`,`titleColor`,`titleBlod`,`source`,`author`,`description`,`content`,`tags`,`img`,`url`,`attchs`,`addtime`,`templet`,`isTop`,`topEndTime`,`clickNum`,`addUser`,`state`) values ('74ef43c9-cc3b-4eea-bacf-2703f663bf2f','7a4d22d6-762b-46e5-895b-d62da52bf9cb','6555dd8b-7acc-4e57-a19a-cc70dd4f7135','欢迎大家使用FreeCMS','','000000','0','','','','<p>\r\n	欢迎大家使用FreeCMS!</p>','','','','','2012-12-05 21:18:29','','0',NULL,1,'02debc9f-53cd-4bc9-887b-49ffc4e925f2',NULL),('93fa57df-3a03-4715-968d-bae6cb5a0742','7a4d22d6-762b-46e5-895b-d62da52bf9cb','6555dd8b-7acc-4e57-a19a-cc70dd4f7135','FreeCMS 1.0 发布','','000000','0','','','','<p>\r\n	FreeCMS 1.0 已发布，请到<a href=\"http://code.google.com/p/freecms/downloads/list\">http://code.google.com/p/freecms/downloads/list</a>下载。</p>','','','','','2012-12-05 20:57:54','','0',NULL,3,'02debc9f-53cd-4bc9-887b-49ffc4e925f2',NULL);

/*Table structure for table `freecms_link` */

DROP TABLE IF EXISTS `freecms_link`;

CREATE TABLE `freecms_link` (
  `id` varchar(50) NOT NULL,
  `parid` varchar(50) DEFAULT NULL,
  `name` varchar(50) DEFAULT NULL,
  `url` varchar(500) DEFAULT NULL,
  `isok` varchar(1) DEFAULT NULL,
  `ordernum` int(11) DEFAULT NULL,
  `site` varchar(50) DEFAULT NULL,
  `type` varchar(1) DEFAULT NULL,
  `img` varchar(500) DEFAULT NULL,
  `pagemark` varchar(50) DEFAULT NULL,
  PRIMARY KEY (`id`),
  KEY `FK_Reference_12` (`site`),
  CONSTRAINT `FK_Reference_12` FOREIGN KEY (`site`) REFERENCES `freecms_site` (`id`) ON DELETE CASCADE
) ENGINE=InnoDB DEFAULT CHARSET=utf8 COMMENT='链接';

/*Data for the table `freecms_link` */

/*Table structure for table `freecms_operbutton` */

DROP TABLE IF EXISTS `freecms_operbutton`;

CREATE TABLE `freecms_operbutton` (
  `id` varchar(36) NOT NULL DEFAULT 'newid()',
  `func` varchar(36) NOT NULL,
  `name` varchar(100) NOT NULL,
  `code` varchar(1000) NOT NULL,
  `isOk` char(1) NOT NULL,
  `orderNum` int(11) DEFAULT NULL,
  PRIMARY KEY (`id`),
  KEY `FK_操作按钮_功能` (`func`),
  CONSTRAINT `FK_操作按钮_功能` FOREIGN KEY (`func`) REFERENCES `freecms_func` (`id`) ON DELETE CASCADE
) ENGINE=InnoDB DEFAULT CHARSET=utf8 COMMENT='操作按钮';

/*Data for the table `freecms_operbutton` */

insert  into `freecms_operbutton`(`id`,`func`,`name`,`code`,`isOk`,`orderNum`) values ('02b90aa0-c2e0-4a63-bbe5-04838bd2d847','5257f8fd-9da2-4e83-8538-b6ffca22e45a','编 辑','edit()','1',1),('0b547a0a-c5b9-4186-920e-507d0e4268d4','425d0211-0196-4456-a24b-3e8d614dec8b','编 辑','edit()','1',1),('0db25404-44ac-429b-8ab7-66bd1bbc176a','5f3a8e01-4216-4982-b07b-ad367fe9ef96','生成所选栏目页','createChannel()','1',1),('10e8612b-af7b-437d-b8da-1c1a550bdce5','58fe298f-b448-40bb-a1c0-d81134efa4af','生成信息页面','createHtml()','1',NULL),('137705c8-8e68-410c-a61d-d13e0c01af6b','4331df96-2b8d-4dcf-9bdb-1015dfd0a759','添 加','add()','1',1),('15a50d4c-4866-4533-93a8-a19887d230d1','6c561fe7-2013-4ce5-bf9a-42874b07a99e','保 存','save()','1',NULL),('161b2215-d862-433c-aff2-3d99bc9236e0','19eebfb0-16b5-40eb-a909-1bd37ef7d745','编辑','edit()','1',NULL),('1a5ec49d-571b-4e42-a9da-2863c4704e94','66ecf6f7-1911-4e7e-8089-3a01f44a6d12','保存','save()','1',NULL),('21ca6c9c-c5dc-47ab-9d74-dfd6fca9e2c3','67025758-eb65-40b1-a59c-edee1b3ae938','删 除','del()','1',3),('22c09714-f443-456b-8ad3-992d1f02d9dc','19eebfb0-16b5-40eb-a909-1bd37ef7d745','改变所属站点','parButton()','1',NULL),('275224d4-00d0-43e8-a9e8-379fd24429c9','2403873a-48fb-48ac-acd0-af4098df1a0a','保存','WebForm_OnSubmit()','1',NULL),('2aca3b79-6f94-473a-bfa8-420d92f9586b','66ecf6f7-1911-4e7e-8089-3a01f44a6d12','删除','del()','1',NULL),('2db278fd-422f-44df-9072-2dca297c1b47','4331df96-2b8d-4dcf-9bdb-1015dfd0a759','编 辑','edit()','1',2),('307bca7a-ec7f-4bb3-8c8c-b8a072390494','67025758-eb65-40b1-a59c-edee1b3ae938','编 辑','edit()','1',2),('3221edae-8f1e-4101-8ebe-5742dcc0edc1','18974989-cd85-48b2-8169-348bc3481ef8','添 加','add()','1',1),('3561a44f-a0c9-491e-9300-9ffe59c3fca7','5257f8fd-9da2-4e83-8538-b6ffca22e45a','文件管理','fileManage()','1',3),('3c06e1ec-717d-4c2a-8340-47bbd2b3ff4f','3dc03dc5-56ba-46d9-b8ab-78d19c04cd86','授 权','auth()','1',0),('4090990b-9e87-4a0b-b2fa-9354d9c3a46a','12187d67-5ab9-4ae4-bbee-9a772cebd0de','编 辑','edit()','1',0),('427b987d-b3c2-4e17-bb09-f4a6faf248bb','5a47681c-63c3-47b1-8e1f-34d4dbba7d85','添 加','add()','1',1),('44e33169-b7b9-4995-a8f1-291b69286bcf','5a47681c-63c3-47b1-8e1f-34d4dbba7d85','删 除','del()','1',3),('464b41df-f81e-4e54-b28d-436e9092eda2','4331df96-2b8d-4dcf-9bdb-1015dfd0a759','删 除','del()','1',3),('4de14364-517b-4c41-a60f-318ec98296a0','6f32a2b6-a552-4a91-a10c-2962af63eca7','保存','WebForm_OnSubmit()','1',0),('4e86fdcb-4240-4bd7-96f7-1921671bf650','19eebfb0-16b5-40eb-a909-1bd37ef7d745','添加下级站点','addSon()','1',NULL),('4ec7e50a-a272-4a12-8f69-a36366595397','0bec6b84-19be-4d99-bc44-ca1d8472148f','编 辑','edit()','1',2),('56227812-981f-488f-90b1-92eded41aa54','5f3a8e01-4216-4982-b07b-ad367fe9ef96','生成此站点所有栏目页','createAll()','1',2),('59034c6b-a5fe-46d8-87d8-d3f2ca3bd233','08cfd343-2803-403e-b952-f7d41199d8e1','保 存','save()','1',NULL),('597ad917-2681-444e-b92b-b5971c94aca2','12187d67-5ab9-4ae4-bbee-9a772cebd0de','删 除','del()','1',5),('59a6b3e9-eafc-47cc-825c-eda5ef46a816','12187d67-5ab9-4ae4-bbee-9a772cebd0de','重置密码','resetPwd()','1',4),('5a0b8732-af98-4270-acee-b5456898ff46','66ecf6f7-1911-4e7e-8089-3a01f44a6d12','添加下级单位','addSon()','1',NULL),('67982f56-1b92-4e04-ae78-128a8853edb8','425d0211-0196-4456-a24b-3e8d614dec8b','添 加','add()','1',0),('6866fac3-70dd-4895-b4bb-ea9a50c465dd','66ecf6f7-1911-4e7e-8089-3a01f44a6d12','改变所属单位','parButton()','1',NULL),('6f6ebd83-cace-4cb9-9b64-4fdbe60741ee','8afb6f01-ae46-447c-acfa-1a6e0964bbba','编 辑','edit()','1',0),('754fd2a6-6094-4334-b457-e0107a0506bf','5257f8fd-9da2-4e83-8538-b6ffca22e45a','删 除','del()','1',2),('768963aa-aa71-444a-a013-a06a31fcad2c','88749e6a-a8ec-47ef-aa4a-f7912d0ed12c','添 加','add()','1',1),('77b23596-654b-4a54-993e-8e678e51cf74','66ecf6f7-1911-4e7e-8089-3a01f44a6d12','添加一级单位','addOne()','1',NULL),('77e74e50-ed23-43a4-8afa-029aef42f065','0bec6b84-19be-4d99-bc44-ca1d8472148f','添 加','add()','1',1),('7882b7f4-cb5b-4a18-b1f6-037cbf815661','5257f8fd-9da2-4e83-8538-b6ffca22e45a','添 加','add()','1',0),('80f3c1df-4df6-4c4c-8fd8-20a415536a2a','6c561fe7-2013-4ce5-bf9a-42874b07a99e','预览站点','preview()','1',NULL),('85ca4973-0e3c-4a14-be16-290850aa760c','0bec6b84-19be-4d99-bc44-ca1d8472148f','删 除','del()','1',3),('95872bc9-b7a3-43d7-b72c-8e20e5d43874','19eebfb0-16b5-40eb-a909-1bd37ef7d745','添加一级站点','addOne()','1',NULL),('95c7f91f-eaff-4ceb-b88c-baf1bcb5ea39','003c47c5-7041-4cfa-8631-82c00ab3fb35','保存','save()','1',0),('9a533db1-728f-45ce-882f-a75b5a5d9332','8afb6f01-ae46-447c-acfa-1a6e0964bbba','站点授权','siteAuth()','1',2),('9d780208-d3d6-4dd9-99d5-4dfbc5870128','88749e6a-a8ec-47ef-aa4a-f7912d0ed12c','编 辑','edit()','1',2),('a1503362-5cc4-46a0-bfe2-a57e9c1479e4','3dc03dc5-56ba-46d9-b8ab-78d19c04cd86','编 辑','edit()','1',0),('adef49b9-1e4f-410b-bc35-e9611a255356','12187d67-5ab9-4ae4-bbee-9a772cebd0de','授 权','auth()','1',1),('b3627085-294d-4e71-ba74-6a98e6525530','003c47c5-7041-4cfa-8631-82c00ab3fb35','管理操作按钮','operButton()','1',0),('beb25f53-7325-49b9-ab95-8abeff63448c','19eebfb0-16b5-40eb-a909-1bd37ef7d745','删除','del()','1',NULL),('c3ce9418-9dcc-4578-90b2-3f6ab08f61a7','18974989-cd85-48b2-8169-348bc3481ef8','删 除','del()','1',3),('ca0d70ff-0509-4d9b-b224-f0428934825b','003c47c5-7041-4cfa-8631-82c00ab3fb35','删除','del()','1',0),('cb52abdd-9a80-46d0-9115-f4c7cdf0c8f4','88749e6a-a8ec-47ef-aa4a-f7912d0ed12c','删 除','del()','1',3),('cef54353-09d1-4ff6-bedd-370ab799913c','18974989-cd85-48b2-8169-348bc3481ef8','编 辑','edit()','1',2),('d46540d4-03fb-4de8-a502-3cbe9e72e9bd','67025758-eb65-40b1-a59c-edee1b3ae938','添 加','add()','1',1),('d6001817-3246-4d7b-a86e-49d771fdb082','12187d67-5ab9-4ae4-bbee-9a772cebd0de','禁 用','state(\'0\')','1',3),('d6d1f29e-99a2-4621-b89c-b6f8ad2a4d52','425d0211-0196-4456-a24b-3e8d614dec8b','删 除','del()','1',2),('db1df28e-ddf2-45b6-9a8c-c0f76d50a4ac','003c47c5-7041-4cfa-8631-82c00ab3fb35','添加一级菜单','addOne()','1',0),('e919a9bf-2a08-4c66-9924-c7207fe04bae','12187d67-5ab9-4ae4-bbee-9a772cebd0de','启 用','state(\'1\')','1',2),('eda69cc3-77c0-4ba4-8dfd-57da1bc5ce97','8afb6f01-ae46-447c-acfa-1a6e0964bbba','授 权','auth()','1',1),('f0966fd2-e63f-44a4-ae75-7e006592e33a','5a47681c-63c3-47b1-8e1f-34d4dbba7d85','编 辑','edit()','1',2),('f802308a-b962-4835-937e-3f46caa88c18','003c47c5-7041-4cfa-8631-82c00ab3fb35','改变所属菜单','parButton()','1',0),('f93e7a6a-3365-4166-aaf1-65e4d9c5f9e5','8afb6f01-ae46-447c-acfa-1a6e0964bbba','删 除','del()','1',6),('f9df095f-5d08-426a-adde-442db13672eb','3dc03dc5-56ba-46d9-b8ab-78d19c04cd86','删 除','del()','1',0),('fe923f0e-62ac-4a00-ba51-6a27f37ddc60','003c47c5-7041-4cfa-8631-82c00ab3fb35','添加下级菜单','addSon()','1',0);

/*Table structure for table `freecms_operlogs` */

DROP TABLE IF EXISTS `freecms_operlogs`;

CREATE TABLE `freecms_operlogs` (
  `id` varchar(36) NOT NULL DEFAULT 'newid()',
  `loginName` varchar(100) NOT NULL,
  `operTime` datetime NOT NULL,
  `content` varchar(5000) NOT NULL,
  `ip` varchar(100) NOT NULL,
  PRIMARY KEY (`id`)
) ENGINE=InnoDB DEFAULT CHARSET=utf8 COMMENT='操作日志';

/*Data for the table `freecms_operlogs` */

insert  into `freecms_operlogs`(`id`,`loginName`,`operTime`,`content`,`ip`) values ('00a48682-c929-4e15-ac9d-eeb6a1715565','admin','2012-11-29 19:19:01','添加栏目 要点','127.0.0.1'),('00b118e7-e835-419d-8956-4a55a14bac56','admin','2012-11-29 21:33:56','修改模板文件(templet\\freecms\\首页.html)成功!','127.0.0.1'),('01cbc3e8-6a98-4a9b-a89c-382e0f58bdc9','admin','2012-11-29 21:20:37','首页静态化:FreeCMS','127.0.0.1'),('0356de46-3d26-4c4b-998e-dea49ba890af','admin','2012-11-29 20:40:42','首页静态化:FreeCMS','127.0.0.1'),('04b03e71-4f44-403a-a972-49f27ff4a0d1','admin','2012-11-30 22:30:41','栏目静态化:参与 第1页','127.0.0.1'),('04dff403-2be0-4e4c-a625-7c9c62bfd4e3','admin','2012-12-05 20:46:06','修改模板文件(templet\\freecms\\栏目信息列表.html)成功!','127.0.0.1'),('04ee3bab-d26e-4d15-8550-ef571f0c3696','admin','2012-11-27 21:22:48','修改模板文件(templet\\freecms\\首页.html)成功!','127.0.0.1'),('06b74f96-ed39-4eb5-b028-4091a017eeef','admin','2012-12-04 21:43:06','栏目静态化:服务支持 第1页','127.0.0.1'),('07353f19-cf45-476d-a5f3-cef6eea988c3','admin','2012-12-05 21:48:50','栏目静态化:贡献源码 第1页','127.0.0.1'),('07f0f168-69d1-4a35-a967-8e9b3aa3622e','admin','2012-12-04 21:36:32','栏目静态化:获得支持 第1页','127.0.0.1'),('08568862-1b26-4bba-aacc-0eabc3d6bd4f','admin','2012-12-05 21:34:21','栏目静态化:贡献源码 第1页','127.0.0.1'),('09338973-fa67-4b9f-bd4b-d726a50a4ef3','admin','2012-11-30 22:31:15','栏目静态化:贡献者 第1页','127.0.0.1'),('0974b7a7-54ef-4006-a7cc-445a79db0033','admin','2012-11-30 22:31:19','栏目静态化:开发信息 第1页','127.0.0.1'),('0985271b-6f4c-4aa3-a76c-820040d0b0ce','admin','2012-11-29 20:50:35','删除栏目 维基','127.0.0.1'),('0a1f1630-0a95-4aab-9347-afc76cf341db','admin','2012-11-29 20:49:57','添加栏目 服务支持','127.0.0.1'),('0b0e0d75-e72b-4c7b-b52a-19b2cc420a19','admin','2012-12-04 21:28:17','栏目静态化:其他 第1页','127.0.0.1'),('0b4e2113-6022-48bc-84fd-fee72d98a7f2','admin','2012-12-05 21:18:29','添加信息(欢迎大家使用FreeCMS)成功','127.0.0.1'),('0b541354-5911-432e-82e6-c3322b1d8874','admin','2012-11-30 20:55:34','修改模板文件(templet\\freecms\\首页.html)成功!','127.0.0.1'),('0b5b7150-eac8-49f6-ad88-96957378d230','admin','2012-11-30 22:31:17','栏目静态化:许可证 第1页','127.0.0.1'),('0bedac14-99cd-4172-89a9-7bfefc6a8ebd','admin','2012-12-04 21:29:21','栏目静态化:获得支持 第1页','127.0.0.1'),('0c1e642d-1a8c-4409-9a7a-1a4a15230765','admin','2012-12-05 21:48:49','栏目静态化:常见问题解答 第1页','127.0.0.1'),('0c1e9196-e4dc-4d91-9d42-f86410874d13','admin','2012-11-29 21:12:13','修改模板文件(templet\\freecms\\首页.html)成功!','127.0.0.1'),('0c57358a-0879-47b6-ba5d-9b7f177040ad','admin','2012-12-04 21:29:01','栏目静态化:常见问题解答 第1页','127.0.0.1'),('0d0ca4f4-dfc0-48a6-876d-eb33d2d790e9','admin','2012-12-05 21:34:22','栏目静态化:参与 第1页','127.0.0.1'),('0d4bcaf4-eca6-4a53-9846-0305d4f2bfa1','admin','2012-12-04 22:17:02','添加栏目 动态','127.0.0.1'),('0e0ef12b-86a7-42ec-a60e-4db8adcd707c','admin','2012-11-30 20:52:42','修改模板文件(templet\\freecms\\inc\\头部.html)成功!','127.0.0.1'),('0e14cc3e-dc5e-4213-9179-d4deee3db6be','admin','2012-12-04 21:36:29','栏目静态化:贡献者 第1页','127.0.0.1'),('0e808a2c-2ed5-4e85-aa25-06513830e1fa','admin','2012-11-30 22:30:42','栏目静态化:邮件联系 第1页','127.0.0.1'),('0f5c78f8-ec72-4219-bc71-6eedac09a677','admin','2012-11-29 19:32:48','添加栏目 赞助','127.0.0.1'),('0f6034e3-b07e-4ccb-95d4-4e549f158cea','admin','2012-12-04 21:42:53','添加栏目 解决方案','127.0.0.1'),('0fe7a9b9-0c36-4712-a0b7-71e0505a2c27','admin','2012-12-05 20:43:01','修改模板文件(templet\\freecms\\栏目信息列表.html)成功!','127.0.0.1'),('10075ac2-1724-43a4-987d-ed5ff0d4f8aa','admin','2012-11-27 21:01:27','添加角色菜单权限(站点管理员-链接管理)成功!','127.0.0.1'),('110caf93-61a2-4bfd-8a87-7a6e7e06849f','admin','2012-12-04 21:35:01','栏目静态化:许可证 第1页','127.0.0.1'),('118c1518-028f-4e02-9817-882b705a231f','admin','2012-11-30 20:57:50','修改模板文件(templet\\freecms\\首页.html)成功!','127.0.0.1'),('11dfcfc5-e9fb-4cfa-be7f-133429e0e827','admin','2012-11-29 20:50:30','添加栏目 维基','127.0.0.1'),('1260bd39-d342-4475-b2f9-2b8e5e8675d5','admin','2012-12-04 20:10:01','首页静态化:FreeCMS','127.0.0.1'),('135b43f8-df39-4b1e-94c3-e998c0be72ce','admin','2012-12-04 21:28:16','栏目静态化:常见问题解答 第1页','127.0.0.1'),('137484d2-0b96-4a4d-abe2-bc87b046ede4','admin','2012-12-04 21:29:39','栏目静态化:参与 第1页','127.0.0.1'),('13dd1ce3-0a18-479f-ba8e-e20a641eef6a','admin','2012-12-05 21:35:50','修改模板文件(templet\\freecms\\栏目页面.html)成功!','127.0.0.1'),('13eb03c9-b761-4252-be25-3be05846d5e7','admin','2012-12-04 21:36:33','栏目静态化:参与 第1页','127.0.0.1'),('14ab52ad-8f1e-42c0-9cd4-eba38f54102d','admin','2012-12-03 20:50:32','添加栏目 讨论','127.0.0.1'),('14bc1099-ba33-48a6-b47e-2d46bf277974','admin','2012-12-04 21:29:00','栏目静态化:源代码 第1页','127.0.0.1'),('161cb999-df3f-43da-83a5-fba48f00212f','admin','2012-11-30 20:56:08','修改模板文件(templet\\freecms\\首页.html)成功!','127.0.0.1'),('165f1abd-2899-4b39-a8e2-28fd8ecc683b','admin','2012-12-05 21:48:51','栏目静态化:获得支持 第1页','127.0.0.1'),('1665826a-8454-4556-b1bc-9ac289e95cd6','admin','2012-12-05 21:34:18','栏目静态化:关于 第1页','127.0.0.1'),('16a1f167-e099-42ae-8cd5-4833f2de4c1d','admin','2012-12-05 21:48:48','栏目静态化:许可证 第1页','127.0.0.1'),('16d90b0a-0d7f-434d-8bb1-b630bcc3dc48','admin','2012-11-30 20:55:40','修改模板文件(templet\\freecms\\inc\\头部.html)成功!','127.0.0.1'),('171f843f-094a-4d34-ad74-e027736acc99','admin','2012-11-28 21:42:04','修改模板文件(templet\\freecms\\首页.html)成功!','127.0.0.1'),('1730eb43-10c4-49df-9b28-16f7c9084628','admin','2012-11-29 19:19:35','添加栏目 关于','127.0.0.1'),('179a542c-c7ff-4b1c-8562-26a9b8986539','admin','2012-12-04 21:29:22','栏目静态化:讨论 第1页','127.0.0.1'),('1933aa8e-aedd-4657-8810-824f7eaef0be','admin','2012-12-04 21:36:21','栏目静态化:开发信息 第1页','127.0.0.1'),('197e8578-fbc1-4706-a0ff-74e168fac58b','admin','2012-12-04 21:29:38','栏目静态化:下载 第1页','127.0.0.1'),('1a00b29f-07ee-4559-bcb5-8d40087d5448','admin','2012-12-05 21:48:50','栏目静态化:加入FreeTeam 第1页','127.0.0.1'),('1a961554-3a7f-4d5e-a9bb-0692df8d1905','admin','2012-12-04 21:35:03','栏目静态化:赞助 第1页','127.0.0.1'),('1a9703e6-a775-4fbd-8abd-3cc014d9d4a8','admin','2012-12-04 22:00:52','更新栏目 捐赠','127.0.0.1'),('1aec8299-3804-4d13-bb88-4fccad0806d1','admin','2012-12-04 21:43:05','栏目静态化:许可证 第1页','127.0.0.1'),('1b2343cd-e56f-493a-b2b9-d5d85a07992b','admin','2012-12-04 21:29:01','栏目静态化:赞助 第1页','127.0.0.1'),('1c6dc9a5-de2c-433f-86ec-388a47cae85a','admin','2012-11-30 21:06:18','更新栏目 关于','127.0.0.1'),('1e1f229f-6aee-4596-b8ce-d35e87460936','admin','2012-12-05 21:36:05','栏目静态化:关于 第1页','127.0.0.1'),('1e1f673d-5bc7-4b97-9c22-ec749a7d8518','admin','2012-12-04 21:35:00','栏目静态化:关于 第1页','127.0.0.1'),('1e5e99d6-4f66-4335-bf0f-958f949e6371','admin','2012-12-05 21:34:21','栏目静态化:维基 第1页','127.0.0.1'),('2019e5ff-a0cb-44da-829f-b72e7be2401f','admin','2012-12-04 21:28:17','栏目静态化:参与 第1页','127.0.0.1'),('20443e17-ec86-4d64-b90c-02f4bd154d2c','admin','2012-11-28 21:38:30','站点设置 FreeCMS','127.0.0.1'),('20bb1e13-402e-4e0a-8a42-a5b933002ea8','admin','2012-11-30 20:57:01','首页静态化:FreeCMS','127.0.0.1'),('213ad6ec-2ca8-4e92-b147-cd41b6d88928','admin','2012-12-05 20:37:21','栏目静态化:贡献源码 第1页','127.0.0.1'),('22b717be-6e08-454e-b212-6b6b61e557be','admin','2012-12-04 21:35:00','栏目静态化:贡献者 第1页','127.0.0.1'),('2325af70-ea6d-4f01-86d2-185188b37198','admin','2012-12-04 21:28:16','栏目静态化:下载 第1页','127.0.0.1'),('2434b351-1508-4f89-9acc-5e8b2e290f8b','admin','2012-12-04 21:35:04','栏目静态化:获得支持 第1页','127.0.0.1'),('2471163e-5e0b-485f-94ec-f34ead8a5de5','admin','2012-11-29 21:10:13','首页静态化:FreeCMS','127.0.0.1'),('25e72622-8eca-404c-8263-ad76e2a0de34','admin','2012-11-30 21:01:11','修改模板文件(templet\\freecms\\inc\\底部.html)成功!','127.0.0.1'),('2610a33d-f8b9-4238-8111-16337d2ba706','admin','2012-12-05 21:34:22','栏目静态化:讨论 第1页','127.0.0.1'),('265087ab-b515-465c-8ae1-fb1fd627a620','admin','2012-11-29 19:26:44','添加栏目 Bug报告','127.0.0.1'),('26642d1a-e6ae-4a34-847e-f5f962cbb67e','admin','2012-11-30 21:00:58','首页静态化:FreeCMS','127.0.0.1'),('266cdcf3-3fa0-4bc8-a265-a645afe3b095','admin','2012-11-28 21:57:51','首页静态化:FreeCMS','127.0.0.1'),('271f5b6a-d576-4641-b145-527a5f0f4272','admin','2012-12-04 21:28:16','栏目静态化:赞助商 第1页','127.0.0.1'),('2721344a-e840-4a13-82f3-10930860d595','admin','2012-12-05 20:38:11','栏目静态化:加入FreeTeam 第1页','127.0.0.1'),('2750d49e-c277-4ffa-b39f-2a52e46890a3','admin','2012-11-30 20:52:47','删除模板文件(templet\\freecms\\inc\\head.html)成功!','127.0.0.1'),('27ecf94e-6cb7-4a19-8571-2fe1d00fbb45','admin','2012-12-04 21:29:38','栏目静态化:Bug报告 第1页','127.0.0.1'),('2807158e-814a-4b79-9ace-aed9262fbc07','admin','2012-11-30 22:30:36','栏目静态化:关于 第1页','127.0.0.1'),('28481bed-7cbb-43c9-9c55-9131e7a7dfb2','admin','2012-11-29 21:10:10','修改模板文件(templet\\freecms\\首页.html)成功!','127.0.0.1'),('286b7367-d3d4-4d29-a623-4c2a2797f04c','admin','2012-11-28 21:42:10','首页静态化:FreeCMS','127.0.0.1'),('29855103-f5f7-408d-9d17-a327290095be','admin','2012-11-29 19:25:21','添加栏目 参与','127.0.0.1'),('29882361-a5c8-4d03-88ca-6b400f210b6e','admin','2012-11-29 21:33:59','首页静态化:FreeCMS','127.0.0.1'),('2adbaf95-98c4-4ad0-b0ac-64bd9994046e','admin','2012-11-30 22:31:17','栏目静态化:赞助商 第1页','127.0.0.1'),('2b012c4f-5953-44ec-8fe8-208162b56d2a','admin','2012-12-05 21:36:06','栏目静态化:许可证 第1页','127.0.0.1'),('2b13779f-b9b3-4a2d-8f96-70dc44dc8cbb','admin','2012-12-05 21:48:46','栏目静态化:动态 第1页','127.0.0.1'),('2b22b0ab-b81d-4e20-83f3-1cefa4178d37','admin','2012-11-30 21:19:57','栏目静态化:关于 第1页','127.0.0.1'),('2ba5db56-a70e-4cd3-a6ab-9fb5f250bf7f','admin','2012-12-05 21:34:08','栏目静态化:其它 第1页','127.0.0.1'),('2c1cabdc-1151-426a-bf9e-9635442b2005','admin','2012-11-30 22:31:19','栏目静态化:常见问题解答 第1页','127.0.0.1'),('2c22b172-ccca-4754-b691-6ec6f1bebe1d','admin','2012-12-05 21:22:05','修改模板文件(templet\\freecms\\信息页面.html)成功!','127.0.0.1'),('2c816cee-54ac-451c-9e98-a13fdf72cb8f','admin','2012-12-04 21:29:38','栏目静态化:邮件联系 第1页','127.0.0.1'),('2cae2d91-22a6-4542-bffb-c24a9c1162c5','admin','2012-12-04 21:36:30','栏目静态化:源代码 第1页','127.0.0.1'),('2cb2e6ec-9c49-4617-9bf4-560014b8c4e7','admin','2012-11-30 21:05:53','修改模板文件(templet\\freecms\\栏目页面.html)成功!','127.0.0.1'),('2cb963b0-7d21-4af4-a9d0-b836b4e24e75','admin','2012-12-05 21:36:07','栏目静态化:常见问题解答 第1页','127.0.0.1'),('2ccad9e2-b439-42d9-9037-b91de1d55147','admin','2012-11-28 20:26:48','退出系统','127.0.0.1'),('2d59c13b-d716-47e6-ac19-61f5f2ccd4a3','admin','2012-12-04 21:59:15','更新栏目 贡献源码','127.0.0.1'),('2e7dc695-25a9-467f-abdc-7fd6746cc56e','admin','2012-12-04 21:36:23','栏目静态化:其他 第1页','127.0.0.1'),('2ece5f8b-8d59-452c-9a49-f66b09b2e92e','admin','2012-12-04 21:29:21','栏目静态化:开发信息 第1页','127.0.0.1'),('305b6dd1-df77-48f6-8f07-9ce096c7e362','admin','2012-12-05 20:37:33','首页静态化:FreeCMS','127.0.0.1'),('314c249e-154b-4980-ae16-e3b1523c67b9','admin','2012-11-30 22:30:37','栏目静态化:许可证 第1页','127.0.0.1'),('314e7333-0ed3-42bf-b7fd-3e4b9bdfd582','admin','2012-12-04 21:35:02','栏目静态化:下载 第1页','127.0.0.1'),('31a83470-3153-4b12-b8f1-6e85499be3d9','admin','2012-12-04 21:29:37','栏目静态化:服务支持 第1页','127.0.0.1'),('320d88b7-40ba-458f-82ce-b0516f22b00f','admin','2012-11-27 21:01:31','添加角色菜单权限(站点管理员-文字链接管理)成功!','127.0.0.1'),('321aba18-97d1-464c-aea4-174130f821b8','admin','2012-12-04 21:40:23','首页静态化:FreeCMS','127.0.0.1'),('3316347f-eeee-4035-a2ea-03974cbdb902','admin','2012-12-04 21:29:00','栏目静态化:许可证 第1页','127.0.0.1'),('3321a06c-3657-4ade-8e87-13b0fd524468','admin','2012-11-27 21:36:54','首页静态化:FreeCMS','127.0.0.1'),('33b06f62-4ca9-4eb5-8e62-8eebe6742081','admin','2012-11-29 20:49:50','更新栏目 获得支持','127.0.0.1'),('3417be01-5b7a-4922-871e-cb01f20e85af','admin','2012-11-30 21:00:55','修改模板文件(templet\\freecms\\inc\\底部.html)成功!','127.0.0.1'),('34994bb8-6955-4993-8f3e-95b3a251d329','admin','2012-12-05 20:38:05','更新栏目 加入FreeTeam','127.0.0.1'),('35904012-1d9e-4922-b178-2482b34a805b','admin','2012-11-30 22:30:15','首页静态化:FreeCMS','127.0.0.1'),('35a1a89d-0c38-4d5f-aa9c-768cfe4464bc','admin','2012-11-28 21:38:28','站点设置 FreeCMS','127.0.0.1'),('36796740-e425-41f1-83c6-dabec81438ab','admin','2012-11-29 21:23:05','删除栏目 所有下载','127.0.0.1'),('377a5863-da94-4c78-b228-19a99643549c','admin','2012-12-04 21:29:20','栏目静态化:下载 第1页','127.0.0.1'),('379df60f-a31f-4511-9040-5d03f3c8b772','admin','2012-11-30 22:03:49','栏目静态化:关于 第1页','127.0.0.1'),('37a11c36-56cf-46bb-a807-55d273efa762','admin','2012-11-29 22:07:06','修改模板文件(templet\\freecms\\首页.html)成功!','127.0.0.1'),('37ab814b-a328-41ae-8c90-59d5855dd3b0','admin','2012-12-04 21:29:20','栏目静态化:贡献者 第1页','127.0.0.1'),('37e6ed38-b6a2-4b8f-adb7-663e11fdda2e','admin','2012-12-05 21:34:18','栏目静态化:要点 第1页','127.0.0.1'),('386009ac-19b7-40dc-9743-6d9060328b01','admin','2012-12-04 22:00:33','更新栏目 加入FreeTeam','127.0.0.1'),('3a337dba-fbbe-4597-b7ef-6881bc112a42','admin','2012-11-28 21:28:40','修改模板文件(templet\\freecms\\首页.html)成功!','127.0.0.1'),('3a91e17d-f11d-4be3-8088-b1932ffeee39','admin','2012-12-03 21:07:43','添加栏目 源代码','127.0.0.1'),('3adccbbd-d9fb-445d-86c8-618e0cf203fe','admin','2012-11-27 21:01:29','添加角色菜单权限(站点管理员-文字链接分类)成功!','127.0.0.1'),('3ba1fffd-5842-46bb-9dd3-49582d5864ee','admin','2012-12-04 21:36:19','栏目静态化:关于 第1页','127.0.0.1'),('3c4b2648-b804-4e04-8344-5e8f01aeb224','admin','2012-12-05 21:18:53','栏目静态化:动态 第1页','127.0.0.1'),('3cd6393c-56f8-403f-8e11-1cf6d75fd468','admin','2012-11-28 20:39:09','修改模板文件(templet\\freecms\\首页.html)成功!','127.0.0.1'),('3e20950c-8230-4d36-a058-da0b62b9f35c','admin','2012-12-04 21:34:52','更新栏目 常见问题解答','127.0.0.1'),('3e4e187f-5978-4c7e-8f55-bac5416a9f9f','admin','2012-12-04 21:28:15','栏目静态化:关于 第1页','127.0.0.1'),('3ea0a831-7fee-4783-b47c-81a2e5e2fbb4','admin','2012-12-04 21:29:21','栏目静态化:下载 第1页','127.0.0.1'),('3ef848b4-65f5-4fe2-991e-72f6a911bd35','admin','2012-12-04 21:29:21','栏目静态化:Bug报告 第1页','127.0.0.1'),('3feb08c9-fbd2-4380-bbeb-ec324b31da25','admin','2012-11-29 19:20:44','更新栏目 关于','127.0.0.1'),('4031b458-bdb0-4e1c-b7d5-d758705e0f91','admin','2012-12-04 21:29:00','栏目静态化:关于 第1页','127.0.0.1'),('40a13ec9-bec0-4658-81c2-f41e002d66bb','admin','2012-11-29 19:23:59','添加栏目 维基','127.0.0.1'),('430cedce-7314-4466-b31f-0c986ea7883f','admin','2012-12-04 21:51:22','删除栏目 邮件联系','127.0.0.1'),('43a17f98-a547-422b-a6ba-f464b637de70','admin','2012-12-04 21:36:31','栏目静态化:常见问题解答 第1页','127.0.0.1'),('43b0751a-24c0-490a-9eb1-62676c5c2d58','admin','2012-12-04 21:36:21','栏目静态化:下载 第1页','127.0.0.1'),('441daba9-1774-42a7-be2f-4008fa92f9cc','admin','2012-11-27 21:01:56','删除用户(test;)成功!','127.0.0.1'),('4446f54d-5511-4df6-967a-e457b0e935f7','admin','2012-11-29 19:32:29','添加栏目 赞助商','127.0.0.1'),('44726ef1-d057-43a4-bfe7-3071f65f6c21','admin','2012-11-28 21:23:13','首页静态化:FreeCMS','127.0.0.1'),('454f43c8-603d-44c8-9819-7523feefb3b9','admin','2012-11-30 22:30:45','栏目静态化:开发信息 第1页','127.0.0.1'),('4564c4f5-0e1b-4f39-be9b-f1d494640255','admin','2012-11-28 21:33:41','修改模板文件(templet\\freecms\\首页.html)成功!','127.0.0.1'),('466ab17f-98e7-49c9-9d15-52db31d19405','admin','2012-11-30 22:31:20','栏目静态化:维基 第1页','127.0.0.1'),('4736686c-28f3-4566-ac13-e4737e272f02','admin','2012-12-04 21:36:22','栏目静态化:获得支持 第1页','127.0.0.1'),('48bfbbd2-b840-421f-8176-ea0e356907f5','admin','2012-12-05 20:42:49','添加模板文件(templet\\freecms\\栏目信息列表.html)成功!','127.0.0.1'),('4991ecc5-0d6b-4b7c-883b-a5ba2b9b9923','admin','2012-12-04 21:28:15','栏目静态化:下载 第1页','127.0.0.1'),('49f96b84-c1a4-43ce-a019-583471e85b6c','admin','2012-11-27 21:01:16','添加角色菜单权限(站点管理员-信息管理)成功!','127.0.0.1'),('4ae492ba-68b8-4851-b57a-f0e09d8e45f5','admin','2012-12-05 21:48:49','栏目静态化:解决方案 第1页','127.0.0.1'),('4c33adad-68a9-4781-a4f7-cfeedff213d0','admin','2012-12-04 21:28:15','栏目静态化:服务支持 第1页','127.0.0.1'),('4c37ee7c-bf9a-4e0d-82d4-9fd321380bef','admin','2012-12-04 21:28:15','栏目静态化:贡献者 第1页','127.0.0.1'),('4c504b90-e355-448d-81f7-5b225f4d238d','admin','2012-11-28 20:25:41','添加角色人员关联(站点管理员 freecms)成功','127.0.0.1'),('4c7eae40-a034-42d6-bc9e-221ad7495934','admin','2012-11-30 22:30:47','栏目静态化:获得支持 第1页','127.0.0.1'),('4c8c8c23-5824-4263-9414-2991ce43570d','admin','2012-11-30 21:23:19','更新栏目 关于','127.0.0.1'),('4d08c576-6132-4891-8e1d-a1ffd257a983','admin','2012-12-04 21:34:59','栏目静态化:服务支持 第1页','127.0.0.1'),('4d3bd967-2125-4d5b-93fa-c61947bb52f0','admin','2012-11-30 22:31:20','栏目静态化:获得支持 第1页','127.0.0.1'),('4e16ef01-f6fe-4d48-ab19-31b42765be29','admin','2012-12-04 21:29:01','栏目静态化:其他 第1页','127.0.0.1'),('4e2f460f-8fa7-45fe-8354-9d692aa5d447','admin','2012-11-28 20:38:56','修改模板文件(templet\\freecms\\首页.html)成功!','127.0.0.1'),('4f0be3a4-84bd-4510-8ca6-c649eed1fde4','admin','2012-11-30 20:52:16','创建模板文件夹(templet\\freecms\\inc)成功!','127.0.0.1'),('4f2ecfde-3488-4316-9471-9aecc245a6ba','admin','2012-12-05 21:22:16','信息页静态化:欢迎大家使用FreeCMS','127.0.0.1'),('4f61dbc7-ee06-4615-8433-5eefb08080c0','admin','2012-11-29 21:23:22','首页静态化:FreeCMS','127.0.0.1'),('4f873101-0b5c-4cdb-b007-4bf03cd54b95','admin','2012-12-04 21:35:03','栏目静态化:维基 第1页','127.0.0.1'),('4ff1ae07-2f40-4c77-9269-15dfdb4c391f','admin','2012-12-04 22:04:56','删除栏目 赞助商','127.0.0.1'),('4fff2d93-f5b0-4294-bb70-cf52df3f3c7f','admin','2012-12-05 21:36:04','栏目静态化:下载 第1页','127.0.0.1'),('50713ab8-8a8a-4489-b9e9-d8aa29a02c1b','admin','2012-12-04 21:28:15','栏目静态化:要点 第1页','127.0.0.1'),('509d1ab4-43d3-4cd5-b8cf-b204bcdc13a6','admin','2012-12-05 21:13:29','栏目静态化:动态 第1页','127.0.0.1'),('50f935c7-7334-4b3f-9d5f-ecc5c67995dc','admin','2012-11-29 20:25:23','首页静态化:FreeCMS','127.0.0.1'),('50fb0bbf-1df1-4acc-9043-e161789c848a','admin','2012-11-29 21:01:28','修改模板文件(templet\\freecms\\首页.html)成功!','127.0.0.1'),('51ca0e5c-c513-4630-91ef-9c6108495605','admin','2012-12-04 21:35:04','栏目静态化:讨论 第1页','127.0.0.1'),('530161c6-1807-46b7-9b41-4f37bd1d9a72','admin','2012-11-27 21:01:23','添加角色菜单权限(站点管理员-信息页静态化)成功!','127.0.0.1'),('543716de-72b7-45d4-a59d-916e05ba7ce6','admin','2012-11-30 22:30:38','栏目静态化:下载 第1页','127.0.0.1'),('54d83fde-de88-4634-9e48-006c67d3b3b6','admin','2012-12-04 21:29:00','栏目静态化:Bug报告 第1页','127.0.0.1'),('555f2a34-e681-431b-81fd-566b9a94bc21','admin','2012-12-04 22:05:02','删除栏目 贡献者','127.0.0.1'),('55e2d958-44e1-4d62-aed8-8201325e03aa','admin','2012-11-29 19:21:29','添加栏目 常见问题解答','127.0.0.1'),('55e7fa59-02c2-46f4-b4c4-7fe426ee33a4','admin','2012-12-04 22:05:09','删除栏目 捐赠','127.0.0.1'),('55feecdc-8837-4498-a3cd-bef79a3175cd','admin','2012-12-04 21:36:32','栏目静态化:开发信息 第1页','127.0.0.1'),('56463725-eda0-4694-8a59-e6b81b96cfbd','admin','2012-11-30 21:15:58','栏目静态化:要点 第1页','127.0.0.1'),('5783ae15-aa73-4552-a823-f2b23b523b75','admin','2012-11-29 21:22:59','删除栏目 下载源码','127.0.0.1'),('58081d75-6e8b-4b0f-b0bb-ec08c811b699','admin','2012-11-29 19:32:07','添加栏目 贡献者','127.0.0.1'),('5881a8ec-aaa0-44b4-8753-6273639df0ad','admin','2012-12-04 21:35:04','栏目静态化:参与 第1页','127.0.0.1'),('58a7a087-1ed3-4d37-a1e8-6eb99c7bb61a','admin','2012-12-05 20:56:17','修改模板文件(templet\\freecms\\栏目信息列表.html)成功!','127.0.0.1'),('5950f90f-33df-42eb-a4e8-ac1d0697e659','admin','2012-11-30 21:00:29','修改模板文件(templet\\freecms\\首页.html)成功!','127.0.0.1'),('599585c3-3c5c-4327-ae18-66c451d9a23d','admin','2012-11-27 21:05:30','添加站点 FreeCMS','127.0.0.1'),('59b94892-b4a1-49c6-aa42-3d4d206f46eb','admin','2012-11-29 22:05:49','修改模板文件(templet\\freecms\\首页.html)成功!','127.0.0.1'),('5ab1b8ba-7fec-46b0-b96f-c437823c796a','admin','2012-11-28 21:55:56','修改模板文件(templet\\freecms\\首页.html)成功!','127.0.0.1'),('5ace2beb-fda6-440e-aca1-dfb752d46714','admin','2012-11-28 21:18:49','修改模板文件(templet\\freecms\\首页.html)成功!','127.0.0.1'),('5b895064-e5e7-42e7-8ad0-1a72dc084755','admin','2012-12-05 21:48:49','栏目静态化:下载 第1页','127.0.0.1'),('5bbd3a77-af4f-4c71-9424-bec7c90ec280','admin','2012-11-30 22:30:35','栏目静态化:服务支持 第1页','127.0.0.1'),('5c26bb3d-5072-4977-8b16-61803c8b7e87','admin','2012-11-30 22:05:00','更新栏目 下载','127.0.0.1'),('5c339e04-8904-4596-b876-40a41d92e50f','admin','2012-12-04 21:29:21','栏目静态化:常见问题解答 第1页','127.0.0.1'),('5cced268-78ad-44aa-924b-9bd3b90490c1','admin','2012-11-30 21:51:48','更新栏目 关于','127.0.0.1'),('5dab551f-0929-4d40-abcc-77bc1892c767','admin','2012-12-05 21:34:19','栏目静态化:服务支持 第1页','127.0.0.1'),('5e3d4bea-e68a-45cc-a4bd-15d3779385d0','admin','2012-11-30 22:30:39','栏目静态化:开发信息 第1页','127.0.0.1'),('6049cdc1-455e-4bdd-9971-930a252c405a','admin','2012-12-05 21:48:50','栏目静态化:维基 第1页','127.0.0.1'),('60f6044f-b36e-405d-8a07-b1408ad737a9','admin','2012-11-28 20:40:01','修改模板文件(templet\\freecms\\首页.html)成功!','127.0.0.1'),('612640d0-2e70-401b-ae2b-44765fb10e37','admin','2012-12-04 21:29:38','栏目静态化:关于 第1页','127.0.0.1'),('614c99ce-4396-473a-8bf8-5ff54d910a10','admin','2012-11-30 21:12:55','栏目静态化:要点 第1页','127.0.0.1'),('61ff2a6d-f5ee-4a9c-a64f-53e9729de49b','admin','2012-12-04 21:36:22','栏目静态化:维基 第1页','127.0.0.1'),('63805f29-b973-4371-ac44-c560f4c4e2ec','admin','2012-11-30 22:30:46','栏目静态化:赞助 第1页','127.0.0.1'),('63a19fc3-931e-46dd-8c46-cfba2c234357','admin','2012-12-04 21:36:33','栏目静态化:其他 第1页','127.0.0.1'),('63d6e892-877f-4530-9af6-973bdcebe50a','admin','2012-12-04 21:29:22','栏目静态化:参与 第1页','127.0.0.1'),('649efafb-4a81-4b1b-ae8d-5171704ad0cd','admin','2012-12-04 21:33:04','栏目静态化:关于 第1页','127.0.0.1'),('64ded317-999d-496a-b303-3b843c81fab9','admin','2012-11-29 19:22:45','更新栏目 下载','127.0.0.1'),('64e93119-b9e2-41f5-9c7d-afd9bd93ec7a','admin','2012-11-30 20:57:38','修改模板文件(templet\\freecms\\inc\\底部.html)成功!','127.0.0.1'),('64fac0f7-bd22-4c8b-8396-8029f4ac6e6b','admin','2012-11-29 19:22:36','添加栏目 下载','127.0.0.1'),('665231a1-5e69-405e-9ca4-2b6ad925d200','admin','2012-12-04 21:29:01','栏目静态化:维基 第1页','127.0.0.1'),('66d85b87-de57-4985-88f0-e626e5f939e2','admin','2012-11-28 21:24:23','修改模板文件(templet\\freecms\\首页.html)成功!','127.0.0.1'),('672345f1-ef41-449e-8f5c-b3afb53121d0','admin','2012-12-05 21:36:08','栏目静态化:贡献源码 第1页','127.0.0.1'),('67242eed-2459-45b9-9e25-260415350b20','admin','2012-11-30 22:14:40','更新栏目 许可证','127.0.0.1'),('6777ec3f-a7a3-497d-b60f-2aa5417c97fd','admin','2012-12-04 21:28:59','栏目静态化:下载 第1页','127.0.0.1'),('67b48f12-9e92-44cb-b611-3bbbc004c99c','admin','2012-12-04 21:36:33','栏目静态化:讨论 第1页','127.0.0.1'),('68599910-9c79-44fa-870d-ba183d8ae4d6','admin','2012-12-05 21:48:47','栏目静态化:动态 第2页','127.0.0.1'),('68949763-f06c-4f0b-bc33-1d198627aa95','admin','2012-11-30 20:52:30','添加模板文件(templet\\freecms\\inc\\head.html)成功!','127.0.0.1'),('6a649e5d-1e4f-47a0-9955-fc78eb3bb1e8','admin','2012-11-28 21:57:48','修改模板文件(templet\\freecms\\首页.html)成功!','127.0.0.1'),('6a8d3e40-d50e-401e-8cce-853cab31409e','admin','2012-12-04 21:35:01','栏目静态化:源代码 第1页','127.0.0.1'),('6b46c8dd-0ed0-446f-a2c5-bff303ef5761','admin','2012-12-05 21:36:05','栏目静态化:要点 第1页','127.0.0.1'),('6c2a58c7-a48d-4d0a-839c-a5d3c922a32e','admin','2012-12-05 20:57:54','添加信息(FreeCMS 1.0 发布)成功','127.0.0.1'),('6c3fbb1c-125d-4fa5-9727-1bdaec70f240','admin','2012-11-29 20:46:35','首页静态化:FreeCMS','127.0.0.1'),('6cbe16bf-bf62-4591-a321-cd7c9c26db48','admin','2012-12-04 21:35:02','栏目静态化:赞助商 第1页','127.0.0.1'),('6cf5449f-2be5-4fa8-a7fe-2c5d5fd55d5d','admin','2012-11-30 22:30:41','栏目静态化:贡献者 第1页','127.0.0.1'),('6d991e98-9c0f-4940-94de-f32b8b5f00f3','admin','2012-11-27 21:57:23','首页静态化:FreeCMS','127.0.0.1'),('6e940385-235e-482a-8b46-8e7b297e6894','admin','2012-11-29 19:19:56','添加栏目 许可证','127.0.0.1'),('6f98db4e-4835-4486-9a14-95f43c89f159','admin','2012-11-30 22:30:39','栏目静态化:常见问题解答 第1页','127.0.0.1'),('7003fe88-fe66-4522-ac85-e6ac05a99ae6','admin','2012-12-05 20:46:18','更新栏目 动态','127.0.0.1'),('7096880f-4805-4fad-bb2b-94e30ce964fa','admin','2012-12-05 21:48:47','栏目静态化:关于 第1页','127.0.0.1'),('70d08459-871b-4c92-a049-95e5f6875c45','admin','2012-12-04 21:36:20','栏目静态化:Bug报告 第1页','127.0.0.1'),('70fb9e96-7b94-4e5a-9f47-c57b05ff6de3','admin','2012-12-05 20:58:01','栏目静态化:动态 第1页','127.0.0.1'),('7118759c-b972-427a-bec1-efe8028f0e5e','admin','2012-12-04 21:28:17','栏目静态化:讨论 第1页','127.0.0.1'),('7246c0d5-a902-4833-94c0-130778a7ce2b','admin','2012-12-03 21:07:47','首页静态化:FreeCMS','127.0.0.1'),('7260964c-d347-4f7a-9273-58cf61545645','admin','2012-12-05 20:46:22','栏目静态化:动态 第1页','127.0.0.1'),('729b051d-3f38-45a4-af9f-6b49a92e37f8','admin','2012-12-04 21:43:06','栏目静态化:解决方案 第1页','127.0.0.1'),('7337e77f-eda8-4f25-b6a0-61ceccb8c073','admin','2012-12-04 21:36:30','栏目静态化:许可证 第1页','127.0.0.1'),('7345ea99-e06a-4b86-b59d-3feeec32cc40','admin','2012-12-04 21:43:05','栏目静态化:关于 第1页','127.0.0.1'),('735dbaa7-0c96-42fa-9913-0897ce164f9a','admin','2012-11-27 21:01:28','添加角色菜单权限(站点管理员-图片链接管理)成功!','127.0.0.1'),('73b26e64-85a5-4451-9967-19d008bde93f','admin','2012-11-28 20:20:27','修改模板文件(templet\\freecms\\首页.html)成功!','127.0.0.1'),('74ba3610-bb1d-436f-96fa-ed3369666ccc','admin','2012-12-04 21:35:01','栏目静态化:邮件联系 第1页','127.0.0.1'),('74efbf12-5e40-4208-a5f4-3e0494a626d2','admin','2012-12-04 21:28:16','栏目静态化:Bug报告 第1页','127.0.0.1'),('751eaf5c-16ed-435b-af71-6b23f5283bbb','admin','2012-11-28 20:25:41','添加用户(freecms)成功!','127.0.0.1'),('751fd709-2a5d-41c9-8b6d-3fed8ae31a27','admin','2012-11-29 21:14:47','修改模板文件(templet\\freecms\\首页.html)成功!','127.0.0.1'),('751fdc1c-3c4c-4833-9912-79b6ccf9f5ab','admin','2012-11-28 20:39:48','修改模板文件(templet\\freecms\\首页.html)成功!','127.0.0.1'),('7539b415-ccc9-47bc-9520-748d8adc1a01','admin','2012-11-30 21:04:40','修改模板文件(templet\\freecms\\首页.html)成功!','127.0.0.1'),('7549b30c-7d56-47e1-b717-c1dbe9cafee7','admin','2012-11-30 22:30:40','栏目静态化:维基 第1页','127.0.0.1'),('75d0f7dd-cdfe-4673-b871-0a3639939316','admin','2012-12-04 21:28:15','栏目静态化:邮件联系 第1页','127.0.0.1'),('763a19e9-fa3a-4041-860b-1cedfa310f85','admin','2012-12-04 21:36:31','栏目静态化:下载 第1页','127.0.0.1'),('76713e64-5f17-498a-98d6-a5dc6b314202','admin','2012-12-05 21:34:17','栏目静态化:下载 第1页','127.0.0.1'),('77017ea2-4761-4d48-858e-5d4c863edcfb','admin','2012-12-05 21:34:21','栏目静态化:获得支持 第1页','127.0.0.1'),('772a9dba-e251-4c05-b446-45092ca7a131','admin','2012-12-05 21:34:20','栏目静态化:Bug报告 第1页','127.0.0.1'),('7842b23c-5881-456f-a285-b991a76ee921','admin','2012-12-05 21:22:16','信息页静态化:FreeCMS 1.0 发布','127.0.0.1'),('78926076-72cc-48c8-a1ca-0b445d2410ca','admin','2012-12-04 21:40:03','更新栏目 服务支持','127.0.0.1'),('78b95e2a-b6b9-49a9-86cd-8ac987a3bb48','admin','2012-11-28 21:15:32','首页静态化:FreeCMS','127.0.0.1'),('793461c7-ddc8-4025-b5cc-3d01407f091b','admin','2012-12-05 21:48:48','栏目静态化:服务支持 第1页','127.0.0.1'),('794b0751-bf97-46ba-919b-4de4ddc9d46e','admin','2012-11-27 21:49:36','首页静态化:FreeCMS','127.0.0.1'),('7958839d-9d8b-4b1b-8d88-351aecc2d294','admin','2012-12-04 21:43:06','栏目静态化:常见问题解答 第1页','127.0.0.1'),('7a32680a-317b-48b6-9de3-01963a3a6567','admin','2012-12-04 21:36:28','栏目静态化:服务支持 第1页','127.0.0.1'),('7a64b6a4-5f4a-4f3f-9a3f-fc43d32cabd5','admin','2012-12-05 20:37:09','更新栏目 捐赠','127.0.0.1'),('7ad0835f-65c2-4a44-a520-be6a98f71ab2','admin','2012-12-05 20:37:21','栏目静态化:Bug报告 第1页','127.0.0.1'),('7be4057d-34f4-46aa-8b76-db60b53f842c','admin','2012-11-27 21:06:51','添加模板(FreeCMS站点模板)成功!','127.0.0.1'),('7c201a2d-735a-4a9d-8afd-34163d09ff3e','admin','2012-11-27 21:49:23','修改模板文件(templet\\freecms\\首页.html)成功!','127.0.0.1'),('7c5ca271-e447-401a-bf74-b503e63d6215','admin','2012-12-04 21:29:20','栏目静态化:邮件联系 第1页','127.0.0.1'),('7c699596-e158-4d6c-97e9-563b1125ca61','admin','2012-12-05 21:36:08','栏目静态化:加入FreeTeam 第1页','127.0.0.1'),('7d6a0b70-f854-4259-9b90-5ae16e0af788','admin','2012-11-29 20:44:01','首页静态化:FreeCMS','127.0.0.1'),('7dd16050-79f7-4a13-ac57-6733284a745a','admin','2012-11-28 20:34:06','修改模板文件(templet\\freecms\\首页.html)成功!','127.0.0.1'),('7f556ada-e4e1-4dd4-8c8b-90af740ef02e','admin','2012-11-29 21:17:38','修改模板文件(templet\\freecms\\首页.html)成功!','127.0.0.1'),('7f6239c3-dbba-4023-adaa-bc538e215bbc','admin','2012-11-29 20:49:39','添加栏目 下载','127.0.0.1'),('80a321bc-e5b3-455f-8e49-e643200d0112','admin','2012-12-05 21:34:17','栏目静态化:动态 第1页','127.0.0.1'),('814ebd4a-e2f0-47f0-98d1-4a62638c7ec0','admin','2012-11-30 22:30:43','栏目静态化:许可证 第1页','127.0.0.1'),('824ab7c5-de08-4b35-abc2-c1cebb3e6a0c','admin','2012-11-29 20:46:17','修改模板文件(templet\\freecms\\首页.html)成功!','127.0.0.1'),('82563d95-0f7d-44c8-a503-a44b49feda47','admin','2012-12-05 21:28:25','信息页静态化:欢迎大家使用FreeCMS','127.0.0.1'),('827cebff-e62c-4578-821d-01378f8570a1','admin','2012-12-04 21:28:16','栏目静态化:源代码 第1页','127.0.0.1'),('834b36f8-0ca7-4517-a88e-03716362b603','admin','2012-12-04 21:29:20','栏目静态化:源代码 第1页','127.0.0.1'),('8363b857-1378-4f82-a895-a7ba6df73ccc','admin','2012-12-04 21:29:01','栏目静态化:下载 第1页','127.0.0.1'),('837713c9-b082-4422-a7b0-1340737f9b2e','admin','2012-11-29 20:51:24','修改模板文件(templet\\freecms\\首页.html)成功!','127.0.0.1'),('8401bbfd-4a3e-4f68-b700-5221d30dd586','admin','2012-12-04 21:36:20','栏目静态化:赞助商 第1页','127.0.0.1'),('840b2342-00f2-45b5-8182-324f2eb12ddd','admin','2012-11-27 21:56:31','首页静态化:FreeCMS','127.0.0.1'),('855df72a-7dec-4246-9cc5-274b3ffe964f','admin','2012-12-04 21:28:16','栏目静态化:开发信息 第1页','127.0.0.1'),('85682d36-be3d-459f-8a20-f0b768a90b09','admin','2012-12-05 21:16:53','栏目静态化:动态 第1页','127.0.0.1'),('85a7117b-94ad-4c5a-9595-6327297b427c','admin','2012-12-04 21:36:23','栏目静态化:参与 第1页','127.0.0.1'),('877f3075-b59f-4b18-bcf8-60e9bcce7796','admin','2012-11-30 22:30:38','栏目静态化:赞助商 第1页','127.0.0.1'),('87845c86-ef0c-4208-9fdb-7d39495694b9','admin','2012-12-04 21:29:20','栏目静态化:要点 第1页','127.0.0.1'),('87bc033d-1b98-44d0-94d0-766275fcff44','admin','2012-12-04 21:29:38','栏目静态化:常见问题解答 第1页','127.0.0.1'),('87ea444b-ca05-4d82-af30-ff97fc2cb7e1','admin','2012-12-05 20:37:21','栏目静态化:捐赠 第1页','127.0.0.1'),('884b9bcc-df47-4e30-9587-334dfeb5b8ce','admin','2012-11-29 19:31:38','添加栏目 其他','127.0.0.1'),('88ed8618-81a7-464a-9831-d8aaa8ea28de','admin','2012-12-04 21:34:23','栏目静态化:许可证 第1页','127.0.0.1'),('8995f4f2-98e4-4a6b-9e2c-319f276fb72f','admin','2012-12-05 21:48:47','栏目静态化:要点 第1页','127.0.0.1'),('89a10e0d-2823-4bbf-bd3e-f786105f7836','admin','2012-11-29 19:24:56','添加栏目 服务支持','127.0.0.1'),('89a56c0f-29ff-4fcd-a6cb-1d20119538ce','admin','2012-12-05 21:36:06','栏目静态化:服务支持 第1页','127.0.0.1'),('8b0b2518-4a4a-4702-aeaf-e08f29fe2bdd','admin','2012-11-28 21:34:26','修改模板文件(templet\\freecms\\首页.html)成功!','127.0.0.1'),('8b168110-e8a4-4b99-9e95-b03f09613705','admin','2012-12-04 21:28:17','栏目静态化:赞助 第1页','127.0.0.1'),('8b72ee59-a476-4bd0-8d57-59da6c297f4e','admin','2012-12-05 21:48:25','修改模板文件(templet\\freecms\\栏目页面.html)成功!','127.0.0.1'),('8c40ff6c-07a2-474c-9cd6-77491eb8bfd7','admin','2012-12-05 21:36:04','栏目静态化:动态 第2页','127.0.0.1'),('8c4b991e-6f5e-4022-a9f4-0df9f0aaebd8','admin','2012-11-29 19:30:58','添加栏目 开发信息','127.0.0.1'),('8d20032c-c24c-4858-9c19-5e9037f0b273','admin','2012-12-05 21:18:54','栏目静态化:动态 第2页','127.0.0.1'),('8d725411-a1d3-40e0-aea0-d44fb0481d17','admin','2012-11-29 21:20:34','添加栏目 所有下载','127.0.0.1'),('8d757c55-ba98-46ef-83e4-8bdf4094c520','admin','2012-12-05 21:48:48','栏目静态化:源代码 第1页','127.0.0.1'),('8df055e8-d833-401b-a2b3-a0bec74da963','admin','2012-12-04 21:43:09','首页静态化:FreeCMS','127.0.0.1'),('8f1056a5-bc14-48dc-ab79-ad3f1d17e194','admin','2012-12-04 22:17:45','更新栏目 其它','127.0.0.1'),('8f62ccb9-7427-4090-af31-9dc43e416ecb','admin','2012-12-04 21:36:18','栏目静态化:贡献者 第1页','127.0.0.1'),('8fca8393-3a60-4b05-bfa3-d11c56f3c2e4','admin','2012-11-28 21:55:18','首页静态化:FreeCMS','127.0.0.1'),('90ff8d53-4a27-4c13-ae9e-97ffee351124','admin','2012-12-04 21:40:19','栏目静态化:常见问题解答 第1页','127.0.0.1'),('9171fef2-e7b2-4513-8fca-3684e69dffb8','admin','2012-11-28 21:58:58','首页静态化:FreeCMS','127.0.0.1'),('917768ba-f856-4072-ac3c-2e8011bf53b2','admin','2012-11-28 21:58:56','修改模板文件(templet\\freecms\\首页.html)成功!','127.0.0.1'),('91ed4d59-874d-4ae9-90b9-5940fba17cfc','admin','2012-11-28 21:42:09','首页静态化:FreeCMS','127.0.0.1'),('92815aba-9988-4171-9392-1d9e0dfca597','admin','2012-12-04 21:36:19','栏目静态化:邮件联系 第1页','127.0.0.1'),('93eb38e9-62f8-4c62-b9e5-49dd5f6c47ad','admin','2012-12-04 21:36:32','栏目静态化:赞助 第1页','127.0.0.1'),('940a4a90-1c2f-4f50-a12a-9c05f87d7827','admin','2012-12-05 21:18:48','修改模板文件(templet\\freecms\\栏目信息列表.html)成功!','127.0.0.1'),('94452ce4-d8e5-4be5-aabb-58378e55ab87','admin','2012-12-04 21:29:39','栏目静态化:其他 第1页','127.0.0.1'),('944deb5f-fc35-4237-82c9-2624efe08385','admin','2012-12-04 21:34:23','栏目静态化:常见问题解答 第1页','127.0.0.1'),('94e1bdb6-eba9-4f12-a905-6c1a88466414','admin','2012-11-29 21:20:24','添加栏目 下载源码','127.0.0.1'),('95064ddd-c271-4ea0-a090-b67c059757a2','admin','2012-12-04 21:28:59','栏目静态化:服务支持 第1页','127.0.0.1'),('956030b2-e1ea-4f01-97d5-11a6ce4f2faf','admin','2012-12-05 21:36:06','栏目静态化:源代码 第1页','127.0.0.1'),('95f5c9ca-0891-448f-b0ed-8f08219a3878','admin','2012-11-27 21:32:26','修改模板文件(templet\\freecms\\首页.html)成功!','127.0.0.1'),('95faa7b1-bf3c-45a1-a8a7-c2ac5277fd1e','admin','2012-12-04 21:35:02','栏目静态化:Bug报告 第1页','127.0.0.1'),('96ace75b-1ffd-430c-bb19-1361d17405ed','admin','2012-12-04 21:29:21','栏目静态化:赞助商 第1页','127.0.0.1'),('97efa801-e438-4e21-b2be-287aef45de15','admin','2012-12-05 21:48:46','栏目静态化:下载 第1页','127.0.0.1'),('9854ff17-abc8-4947-a77a-2aa9145135d6','admin','2012-12-04 21:29:00','栏目静态化:邮件联系 第1页','127.0.0.1'),('98a4434b-21c9-43f2-ad1a-6ac7286cd1d6','admin','2012-12-04 21:28:17','栏目静态化:获得支持 第1页','127.0.0.1'),('98b5944c-15b7-4ab1-bde5-ec0ef51deee1','admin','2012-11-27 21:36:50','修改模板文件(templet\\freecms\\首页.html)成功!','127.0.0.1'),('9964bf49-3014-4a70-80be-82cd559a663a','admin','2012-12-05 21:48:52','栏目静态化:其它 第1页','127.0.0.1'),('999c7d01-6dad-408a-bb99-d99733ead562','admin','2012-11-27 21:01:22','添加角色菜单权限(站点管理员-首页静态化)成功!','127.0.0.1'),('99c484ef-f2b5-4e3b-abee-b49caef3700d','admin','2012-11-29 21:17:42','首页静态化:FreeCMS','127.0.0.1'),('9acbc350-30f7-45e6-b8ad-0cd0cd79fb3b','admin','2012-11-30 22:30:44','栏目静态化:下载 第1页','127.0.0.1'),('9b670787-61bb-49fd-903e-b6c2c7add8d8','admin','2012-12-05 21:48:51','栏目静态化:参与 第1页','127.0.0.1'),('9b690c3a-e005-423c-bd9f-ef946298b048','admin','2012-11-30 22:30:41','栏目静态化:关于 第1页','127.0.0.1'),('9c984418-576a-48fd-9b62-93d7b810d8b3','admin','2012-11-27 21:54:57','修改模板文件(templet\\freecms\\首页.html)成功!','127.0.0.1'),('9d1f8d6d-50dc-4f38-94ef-95cf951d0f04','admin','2012-11-30 20:57:55','首页静态化:FreeCMS','127.0.0.1'),('9dd77397-dffe-442c-aa41-b24d620fe9a8','admin','2012-12-04 21:42:12','更新栏目 服务支持','127.0.0.1'),('9efae8d9-1938-44c7-bd6d-9d9d8d380959','admin','2012-11-30 22:14:48','更新栏目 许可证','127.0.0.1'),('9f0cbd8f-6e25-402e-8193-d7444d08e819','admin','2012-12-05 20:57:54','信息页静态化:FreeCMS 1.0 发布','127.0.0.1'),('9fe74653-e5a0-4bfe-8226-9d539e490986','admin','2012-12-04 21:29:37','栏目静态化:下载 第1页','127.0.0.1'),('a143db4d-0ea5-4055-a67a-b0b703e441f0','admin','2012-11-30 22:31:18','栏目静态化:下载 第1页','127.0.0.1'),('a20339cf-eb99-4d45-ba73-b4e5b91e580e','admin','2012-11-27 21:01:28','添加角色菜单权限(站点管理员-图片链接分类)成功!','127.0.0.1'),('a2836e32-e3b4-4e09-beb1-ca50fbed50fb','admin','2012-12-04 21:33:58','栏目静态化:关于 第1页','127.0.0.1'),('a2bb7754-50ef-4df5-b4b0-5ca371b0de9d','admin','2012-11-27 21:31:29','修改模板文件(templet\\freecms\\首页.html)成功!','127.0.0.1'),('a3077f0f-2afc-4e90-a482-b39a813f1351','admin','2012-11-30 22:35:54','栏目静态化:关于 第1页','127.0.0.1'),('a31211fd-a66c-4811-b6ea-e04e00e2b18a','admin','2012-12-05 21:36:09','栏目静态化:参与 第1页','127.0.0.1'),('a3622ec2-6980-4b7e-bc31-2e3a93144961','admin','2012-12-04 21:29:38','栏目静态化:许可证 第1页','127.0.0.1'),('a47e60cf-e1a3-4ddc-8387-323d0094f698','admin','2012-12-04 21:34:59','栏目静态化:下载 第1页','127.0.0.1'),('a4d9ac32-9fe5-4baa-86ae-d42d3f4afd3d','admin','2012-12-05 21:36:08','栏目静态化:获得支持 第1页','127.0.0.1'),('a519de48-61f6-433d-83b0-33e16aacdbe4','admin','2012-12-05 21:34:20','栏目静态化:下载 第1页','127.0.0.1'),('a524b783-2b11-4f95-8be5-1ec05a3e3c6c','admin','2012-11-28 20:23:21','修改单位 freeteam 成功','127.0.0.1'),('a55ecd3b-7546-4f1a-b36c-8be2df542026','admin','2012-12-04 21:28:09','更新栏目 常见问题解答','127.0.0.1'),('a5d26395-a545-450a-9baf-71ae191e5ebe','admin','2012-12-04 21:29:37','栏目静态化:贡献者 第1页','127.0.0.1'),('a5db4945-9964-4429-8c8a-a55e6b0ed859','admin','2012-12-05 21:36:09','栏目静态化:讨论 第1页','127.0.0.1'),('a69ac3cd-07b2-4ad4-87a6-256d9f2dbba3','admin','2012-12-04 21:29:38','栏目静态化:要点 第1页','127.0.0.1'),('a70dcca9-87fc-402d-8ec9-8ff5ff6c3176','admin','2012-11-27 21:30:46','首页静态化:FreeCMS','127.0.0.1'),('a75052e3-6d05-41ac-97c6-d77ec0a0d888','admin','2012-11-29 20:50:56','首页静态化:FreeCMS','127.0.0.1'),('a7ad06de-7b09-4758-a956-83d841af0289','admin','2012-12-04 21:29:39','栏目静态化:获得支持 第1页','127.0.0.1'),('a7cc5eab-f5b1-4f23-b35e-dee6f7f85581','admin','2012-11-30 22:05:23','更新栏目 维基','127.0.0.1'),('a7d4b573-2104-4d1e-828e-86cf0cf4e65c','admin','2012-11-27 21:32:33','首页静态化:FreeCMS','127.0.0.1'),('a9316c8e-d90c-4136-b6ee-1625c15c6ffc','admin','2012-12-05 21:36:08','栏目静态化:维基 第1页','127.0.0.1'),('a938c3e6-7e12-41cb-8ec5-b067e3b8b2ac','admin','2012-11-27 21:59:27','修改模板文件(templet\\freecms\\首页.html)成功!','127.0.0.1'),('a97f238e-3fb8-4d5e-9d08-bd68c948395f','admin','2012-11-30 22:31:14','栏目静态化:下载 第1页','127.0.0.1'),('a9a70765-085a-45a3-9b57-5106062f5c77','admin','2012-12-04 21:29:01','栏目静态化:开发信息 第1页','127.0.0.1'),('a9b4b8e9-40b9-42fb-a181-98ac61b8a635','admin','2012-12-04 21:29:39','栏目静态化:赞助 第1页','127.0.0.1'),('a9e7804f-09e3-4c8b-8e90-e532ce9ca57b','admin','2012-12-04 22:05:14','更新栏目 捐赠','127.0.0.1'),('ab72cd66-a965-493c-acc0-1f8dfcc348fe','admin','2012-11-29 20:21:43','首页静态化:FreeCMS','127.0.0.1'),('ab760651-5e18-44cb-bdf6-51fedb039a57','admin','2012-12-04 20:07:11','更新栏目 服务支持','127.0.0.1'),('abc082ba-046f-4048-99b1-d42cffa0ad63','admin','2012-11-27 21:01:28','添加角色菜单权限(站点管理员-下拉链接管理)成功!','127.0.0.1'),('ad955815-c485-479e-86c2-6539fca45cd4','admin','2012-11-30 22:03:43','更新栏目 关于','127.0.0.1'),('adaa421b-20f3-4756-8e70-18f5d58e089a','admin','2012-11-30 21:00:33','首页静态化:FreeCMS','127.0.0.1'),('adb9aafe-1c01-45c2-8028-6453ce27e722','admin','2012-12-04 21:29:01','栏目静态化:获得支持 第1页','127.0.0.1'),('add62cb5-167c-4c19-b8c3-1ee74c1f171a','admin','2012-12-04 21:36:32','栏目静态化:维基 第1页','127.0.0.1'),('ae1fbfd2-873f-48bc-a785-086a299f3fdf','admin','2012-11-27 21:01:18','添加角色菜单权限(站点管理员-静态化管理)成功!','127.0.0.1'),('af1395a3-2983-4257-90ae-1c23ff8f620d','admin','2012-11-29 21:35:04','首页静态化:FreeCMS','127.0.0.1'),('af4bbc78-9b72-4b5e-9da4-b996f82876f0','admin','2012-12-04 21:28:17','栏目静态化:维基 第1页','127.0.0.1'),('af9df44a-9a7f-47bf-9ccc-eb87efa36a09','admin','2012-11-29 21:11:00','修改模板文件(templet\\freecms\\首页.html)成功!','127.0.0.1'),('afb32205-a278-4f66-8b48-d33baf6da305','admin','2012-11-30 22:30:40','栏目静态化:服务支持 第1页','127.0.0.1'),('afb7df2e-405c-4976-a17c-fc822e53efa0','admin','2012-12-04 20:07:16','首页静态化:FreeCMS','127.0.0.1'),('afc1ecc0-4939-41da-bff7-2c2e549ad263','admin','2012-11-28 21:27:42','首页静态化:FreeCMS','127.0.0.1'),('b0073e93-bb6f-47b4-a030-6f5752f1ff2b','admin','2012-12-03 20:50:38','首页静态化:FreeCMS','127.0.0.1'),('b0e67cd6-068e-44a9-8537-4141adb0efff','admin','2012-11-30 22:31:20','栏目静态化:赞助 第1页','127.0.0.1'),('b1c91dc6-0e8f-4c14-8380-ae7d3bd952f6','admin','2012-11-29 22:05:54','首页静态化:FreeCMS','127.0.0.1'),('b1de6edf-172b-4dcd-a553-c15050d43816','admin','2012-11-30 22:30:35','栏目静态化:下载 第1页','127.0.0.1'),('b1f4d2d1-7fcf-4425-b987-f7f66109fd00','admin','2012-12-04 21:29:39','栏目静态化:维基 第1页','127.0.0.1'),('b209cef7-affc-4e91-a902-be2d2799d1d5','admin','2012-11-30 22:30:40','栏目静态化:下载 第1页','127.0.0.1'),('b2145645-aa3b-4ed8-a706-58e7e34c9485','admin','2012-12-05 21:18:29','信息页静态化:欢迎大家使用FreeCMS','127.0.0.1'),('b2dde232-f409-443c-8351-40ea25e7e69b','admin','2012-11-27 22:02:38','修改模板文件(templet\\freecms\\首页.html)成功!','127.0.0.1'),('b56a308d-1d1a-43fa-8766-0b2a6d7d8ba5','admin','2012-12-05 21:28:27','信息页静态化:FreeCMS 1.0 发布','127.0.0.1'),('b664dee4-a558-420c-bf37-f26252a5b606','admin','2012-12-04 21:40:18','栏目静态化:许可证 第1页','127.0.0.1'),('b7513321-3208-4ccb-b7b5-b206ed57c4b9','admin','2012-11-30 21:04:49','修改模板文件(templet\\freecms\\inc\\头部.html)成功!','127.0.0.1'),('b7c1e387-b76f-4f50-9ce2-9456d430cb2c','admin','2012-12-04 21:36:22','栏目静态化:赞助 第1页','127.0.0.1'),('b8a103ba-9a24-4e55-b550-f47d412aad5e','admin','2012-11-28 21:24:26','首页静态化:FreeCMS','127.0.0.1'),('b8a361ac-8288-446d-95ec-aa4cebd03ad0','admin','2012-11-30 20:57:19','添加模板文件(templet\\freecms\\inc\\底部.html)成功!','127.0.0.1'),('b9563ad6-bec0-4ea0-ace2-8425cbb5f05e','admin','2012-11-29 20:51:28','首页静态化:FreeCMS','127.0.0.1'),('ba9f584d-b7af-4022-a9bc-68eb90097f9b','admin','2012-11-27 21:05:45','删除模板(as需要)成功!','127.0.0.1'),('bad76f15-8e9f-448d-bd8d-df730609cabb','admin','2012-12-04 21:29:22','栏目静态化:其他 第1页','127.0.0.1'),('bb22b96c-ea1f-44ee-ac95-bca77bd68983','admin','2012-11-30 20:57:58','首页静态化:FreeCMS','127.0.0.1'),('bbc2340b-b839-4a05-8f6b-c23fafbd008a','admin','2012-11-30 22:30:46','栏目静态化:维基 第1页','127.0.0.1'),('bc1a0268-2b45-471c-ba7e-ffbd8580959a','admin','2012-12-05 21:34:21','栏目静态化:加入FreeTeam 第1页','127.0.0.1'),('bc3ca5e0-0e0e-4288-86a1-f6a73e718074','admin','2012-11-29 21:01:40','首页静态化:FreeCMS','127.0.0.1'),('bcb93392-cd43-4476-9b59-a563b73c551c','admin','2012-12-04 21:35:03','栏目静态化:开发信息 第1页','127.0.0.1'),('bce40228-5c65-4dec-8f3e-53490c993da4','admin','2012-11-29 20:41:56','首页静态化:FreeCMS','127.0.0.1'),('bd74db49-6d41-4cc5-b792-7553c125abf4','admin','2012-11-29 19:20:52','更新栏目 许可证','127.0.0.1'),('bd97189c-97ff-48ef-88d9-068f364313db','admin','2012-11-27 21:01:17','添加角色菜单权限(站点管理员-模板管理)成功!','127.0.0.1'),('bf3797c5-c318-427d-b21b-225b874256ae','admin','2012-11-30 22:30:10','更新栏目 维基','127.0.0.1'),('bf75a15c-8bff-417a-9bb6-76a44cec91b4','admin','2012-12-04 21:29:00','栏目静态化:贡献者 第1页','127.0.0.1'),('c0276aa5-c9da-45f7-8ac4-69b1466247bf','admin','2012-12-04 21:29:01','栏目静态化:参与 第1页','127.0.0.1'),('c07022d7-97e0-43b9-8490-ec4d80e0b2e7','admin','2012-11-30 22:31:15','栏目静态化:关于 第1页','127.0.0.1'),('c0f44583-96af-4ded-accf-8af7707f0e82','admin','2012-11-27 21:57:16','修改模板文件(templet\\freecms\\首页.html)成功!','127.0.0.1'),('c1e0b220-394c-4da7-ac06-206d0135ca96','admin','2012-11-28 21:36:35','站点设置 FreeCMS','127.0.0.1'),('c2a4f608-0e9e-4792-891b-b1f7e5522dc5','admin','2012-12-04 21:29:38','栏目静态化:源代码 第1页','127.0.0.1'),('c2bd1791-cb8f-460b-b029-63e89dc6d558','admin','2012-11-30 21:21:33','修改模板文件(templet\\freecms\\首页.html)成功!','127.0.0.1'),('c3002416-637c-4edd-8ee0-e40b7d07d7fc','admin','2012-11-27 21:01:40','添加角色菜单权限(站点管理员-操作日志)成功!','127.0.0.1'),('c32538db-c923-4c19-8cfd-f7cd8b0793fb','admin','2012-11-30 22:14:54','栏目静态化:许可证 第1页','127.0.0.1'),('c3479005-ff06-4fe4-be3a-f4fd2e2b4fff','admin','2012-11-30 22:31:18','栏目静态化:Bug报告 第1页','127.0.0.1'),('c385efd5-02fc-4b97-9465-a9261f6e8d62','admin','2012-11-30 22:30:42','栏目静态化:要点 第1页','127.0.0.1'),('c3eccf3c-837a-4bd6-92c9-0893ffe11222','freecms','2012-11-28 20:27:14','退出系统','127.0.0.1'),('c4039688-0b35-4230-9497-2fd6648df68f','admin','2012-11-29 21:14:51','首页静态化:FreeCMS','127.0.0.1'),('c4405930-ba00-48f5-9442-8f254074a694','admin','2012-11-27 21:55:21','修改模板文件(templet\\freecms\\首页.html)成功!','127.0.0.1'),('c44b6b5a-99c6-4427-9b7f-f59303e8fe6e','admin','2012-12-05 21:34:19','栏目静态化:解决方案 第1页','127.0.0.1'),('c47f2b51-f727-4113-a544-476202c35fb4','admin','2012-12-05 20:36:51','更新栏目 加入FreeTeam','127.0.0.1'),('c4f3c273-b743-4d2e-b7f0-768f4ce543d8','admin','2012-11-28 21:28:25','修改模板文件(templet\\freecms\\首页.html)成功!','127.0.0.1'),('c5286ff8-bc62-43a1-86c4-68e95e9e595d','admin','2012-12-05 21:48:51','栏目静态化:讨论 第1页','127.0.0.1'),('c5c79744-091f-43b8-90e2-b1b6f1f6a738','admin','2012-12-04 21:36:31','栏目静态化:Bug报告 第1页','127.0.0.1'),('c5cb322a-4b57-4ad8-9a4e-904941249806','admin','2012-11-30 22:30:40','栏目静态化:赞助 第1页','127.0.0.1'),('c6052fa8-ee77-4c72-81c3-83cac4dafa2c','admin','2012-12-04 21:29:39','栏目静态化:讨论 第1页','127.0.0.1'),('c665241e-11c0-4c46-ae27-d313d1aca855','admin','2012-11-27 21:01:14','添加角色菜单权限(站点管理员-栏目管理)成功!','127.0.0.1'),('c732ba72-5913-4463-a7db-66c2027f975b','admin','2012-12-04 22:17:56','添加栏目 捐赠','127.0.0.1'),('c77f4e10-19d1-4442-a5f6-7aea6ca70600','admin','2012-11-28 21:18:57','首页静态化:FreeCMS','127.0.0.1'),('c83decfd-c5d8-4479-a03c-499cf663bb67','admin','2012-11-30 21:15:31','栏目静态化:关于 第1页','127.0.0.1'),('c85ae134-d04b-4164-8082-ec9b195b283a','admin','2012-12-04 21:29:21','栏目静态化:赞助 第1页','127.0.0.1'),('c936b539-bf0c-414d-942b-ff51ca9f8605','admin','2012-11-27 21:01:15','添加角色菜单权限(站点管理员-信息管理)成功!','127.0.0.1'),('c9d9d05c-25f3-4b34-9f2f-58a66c8e7090','admin','2012-12-04 21:36:18','栏目静态化:下载 第1页','127.0.0.1'),('cb5f9097-3075-40f4-ab6f-0b9c82f60799','admin','2012-12-04 21:35:05','栏目静态化:其他 第1页','127.0.0.1'),('cbbe7ed2-4454-411a-b292-772d99d7a098','admin','2012-11-29 21:35:00','修改模板文件(templet\\freecms\\首页.html)成功!','127.0.0.1'),('cbeed8f2-c0cb-431a-980e-be074b05cd1a','admin','2012-11-30 21:01:15','首页静态化:FreeCMS','127.0.0.1'),('cc16136a-0aca-4941-9b94-3076f4a01702','admin','2012-12-04 21:36:18','栏目静态化:服务支持 第1页','127.0.0.1'),('cc324aa4-a803-407b-9175-27a6c2899e67','admin','2012-12-04 21:35:03','栏目静态化:常见问题解答 第1页','127.0.0.1'),('cc3b007e-4982-4618-934a-be9efbcf19b1','admin','2012-12-04 21:36:20','栏目静态化:源代码 第1页','127.0.0.1'),('cc43e893-de0c-4617-bfb7-d7c12ca5582d','admin','2012-12-05 21:34:17','栏目静态化:动态 第2页','127.0.0.1'),('cc44afc4-26be-45a6-a108-5615206766b7','admin','2012-11-29 19:20:08','更新栏目 要点','127.0.0.1'),('cc5b7694-42ce-4407-b361-dc8cefe6ca7d','admin','2012-11-30 22:30:36','栏目静态化:要点 第1页','127.0.0.1'),('cd0c855c-e6a8-4966-893f-c4b971fc787b','admin','2012-11-30 21:22:25','修改模板文件(templet\\freecms\\首页.html)成功!','127.0.0.1'),('cd4b4a9c-ff7d-4107-9ad4-21be67028e47','admin','2012-11-27 21:49:30','站点设置 FreeCMS','127.0.0.1'),('ce4bcb74-fc19-4a4b-9b4f-2fd67d3d6a3a','admin','2012-12-05 21:34:20','栏目静态化:常见问题解答 第1页','127.0.0.1'),('ce5ced6f-4572-4a74-85c8-03bdb2087948','admin','2012-11-30 22:31:21','栏目静态化:参与 第1页','127.0.0.1'),('cf08581c-f97e-4bcd-8b5b-91446ffcc3fb','admin','2012-12-04 21:36:21','栏目静态化:常见问题解答 第1页','127.0.0.1'),('cf0dbb7f-3e29-43c7-8a01-b1dc2d3e42af','admin','2012-11-30 22:31:21','栏目静态化:其他 第1页','127.0.0.1'),('cf429741-8140-4b6d-b1c2-c01c62e10d1f','admin','2012-12-05 21:34:22','栏目静态化:其它 第1页','127.0.0.1'),('cf7f6b97-edcc-4836-9c02-13f3870f178b','admin','2012-12-05 21:34:18','栏目静态化:捐赠 第1页','127.0.0.1'),('cfcb1380-56bd-4478-a013-a32466a497f7','admin','2012-11-30 22:30:37','栏目静态化:邮件联系 第1页','127.0.0.1'),('cfdd450d-002d-4f8e-bac8-f422a517c823','admin','2012-11-30 22:35:47','栏目静态化:关于 第1页','127.0.0.1'),('cfe1ae14-fcac-4d64-be40-1b5434838cc5','admin','2012-11-29 19:26:19','添加栏目 邮件联系','127.0.0.1'),('d05484a8-164d-429d-920e-a689df3d9400','admin','2012-12-05 20:36:09','更新栏目 Bug报告','127.0.0.1'),('d0d2a6e5-3197-43b0-9f19-8b22513d7e2e','admin','2012-12-05 20:36:34','更新栏目 贡献源码','127.0.0.1'),('d0e7cdd3-41a5-419c-ac0a-c5794e4506b8','admin','2012-12-05 21:36:07','栏目静态化:下载 第1页','127.0.0.1'),('d1f18cc4-1845-4323-9851-a1c3d21af3c9','admin','2012-11-29 22:07:09','首页静态化:FreeCMS','127.0.0.1'),('d48f3b87-472b-4d3a-8a8a-0d1b3609bbba','admin','2012-12-04 21:36:20','栏目静态化:许可证 第1页','127.0.0.1'),('d490190f-54c4-4bbc-91a6-5e54242837cc','admin','2012-11-27 21:01:27','添加角色菜单权限(站点管理员-下拉链接分类)成功!','127.0.0.1'),('d55e13d1-4a63-4a21-9f2c-4817a3bfffdb','admin','2012-11-30 22:35:55','栏目静态化:许可证 第1页','127.0.0.1'),('d5d66ba2-ed09-4ade-aded-5046315a8623','admin','2012-12-04 21:36:19','栏目静态化:要点 第1页','127.0.0.1'),('d5eca442-9564-4f67-9f35-122fb55a1673','admin','2012-12-04 21:36:29','栏目静态化:要点 第1页','127.0.0.1'),('d625be3e-640f-495b-afa7-14c9db858745','admin','2012-11-30 22:31:16','栏目静态化:要点 第1页','127.0.0.1'),('d680f766-b8c1-4ca6-9540-a897c6f905de','admin','2012-11-30 21:07:01','更新栏目 关于','127.0.0.1'),('d771db54-f5ca-4ed4-94b3-56434af6fc86','admin','2012-12-05 21:36:07','栏目静态化:Bug报告 第1页','127.0.0.1'),('d84cfa44-cc15-4e2b-b936-1cc7cfe18778','admin','2012-12-04 21:29:38','栏目静态化:赞助商 第1页','127.0.0.1'),('d887dd54-75a1-48ea-a711-fb7432e2520b','admin','2012-12-04 21:35:00','栏目静态化:要点 第1页','127.0.0.1'),('d9156895-70a9-4f5c-82c1-7c8be6908531','admin','2012-11-27 21:01:16','添加角色菜单权限(站点管理员-快速添加)成功!','127.0.0.1'),('da5399d1-6c5b-4c49-b5f3-1d01cabcd45b','admin','2012-12-04 20:09:56','修改模板文件(templet\\freecms\\inc\\头部.html)成功!','127.0.0.1'),('dafdaa63-4f74-422e-8c39-4e8096e61401','admin','2012-11-30 22:30:42','栏目静态化:其他 第1页','127.0.0.1'),('db4d7d6c-53c8-4ca3-a220-868d1d59807a','admin','2012-11-28 20:25:41','添加单位人员关联(freeteam freecms)成功','127.0.0.1'),('dc528e63-0c61-4766-ab94-e4fa9521d234','admin','2012-12-04 21:29:20','栏目静态化:服务支持 第1页','127.0.0.1'),('dc86ed7c-0855-4099-b268-2fac9547107a','admin','2012-11-30 21:21:36','首页静态化:FreeCMS','127.0.0.1'),('dc9aa814-e4d9-48d7-aa63-558f39b9806a','admin','2012-12-04 21:36:29','栏目静态化:邮件联系 第1页','127.0.0.1'),('dd2e746e-63fb-44df-bc45-e9777b035b01','admin','2012-11-29 21:12:17','首页静态化:FreeCMS','127.0.0.1'),('ddc4a1ec-5d55-4681-8d53-7e942823dbf9','admin','2012-11-30 22:30:41','栏目静态化:获得支持 第1页','127.0.0.1'),('ddff01bf-0719-4faa-81b0-0485238d062b','admin','2012-11-30 22:31:16','栏目静态化:邮件联系 第1页','127.0.0.1'),('e03c95e3-b657-401c-8fbc-a516ce37b5f6','admin','2012-11-27 21:24:24','退出系统','127.0.0.1'),('e044e901-c4fa-4f04-baa7-d4fd8da84816','admin','2012-11-29 20:41:51','修改模板文件(templet\\freecms\\首页.html)成功!','127.0.0.1'),('e0a3c2d2-d864-4b64-a3c6-ce063531493c','admin','2012-12-04 21:29:20','栏目静态化:关于 第1页','127.0.0.1'),('e1942ff7-c78a-4ddb-9f8b-a7e2630b69b9','admin','2012-11-29 21:11:02','首页静态化:FreeCMS','127.0.0.1'),('e250d7b3-ad79-4fe7-821d-4a4f717fcc70','admin','2012-12-04 21:36:28','栏目静态化:下载 第1页','127.0.0.1'),('e40f094b-d319-41c8-b76b-98c758c3e00b','admin','2012-12-04 20:10:50','首页静态化:FreeCMS','127.0.0.1'),('e50dc603-b5f7-4f80-a093-e7fa84f0be99','admin','2012-11-30 20:56:27','修改模板文件(templet\\freecms\\inc\\头部.html)成功!','127.0.0.1'),('e565f7da-e63c-4ae7-8f31-23c3f0459ffc','admin','2012-11-30 22:28:56','更新栏目 常见问题解答','127.0.0.1'),('e570c8fb-e9e8-4c8b-8dd9-e4c6b88370a2','admin','2012-12-04 21:36:22','栏目静态化:讨论 第1页','127.0.0.1'),('e59a49bd-1dad-42a7-b52c-a3863e270009','admin','2012-11-30 22:30:36','栏目静态化:贡献者 第1页','127.0.0.1'),('e5feeacb-8038-46c3-b5af-266f094dc6d3','admin','2012-12-04 21:29:00','栏目静态化:要点 第1页','127.0.0.1'),('e6527ddc-775e-4389-92d3-7327432155ae','admin','2012-12-04 21:29:39','栏目静态化:开发信息 第1页','127.0.0.1'),('e65841c3-137c-43b0-a0bb-28473c6f5d89','admin','2012-12-05 21:48:49','栏目静态化:Bug报告 第1页','127.0.0.1'),('e68f3858-7042-49da-9d06-786393eba696','admin','2012-12-04 21:29:01','栏目静态化:讨论 第1页','127.0.0.1'),('e708d829-fa72-409a-b8db-9b4e85c3ba8c','admin','2012-12-05 21:48:47','栏目静态化:捐赠 第1页','127.0.0.1'),('e7eb9803-43dd-44bd-95e0-c92228bfcbe8','admin','2012-12-05 21:36:04','栏目静态化:动态 第1页','127.0.0.1'),('e826f547-76d2-4fe2-be72-a222af1cfb3b','admin','2012-11-27 21:30:26','站点设置 FreeCMS','127.0.0.1'),('e8629112-e64e-4f8c-b59d-6fb9be263af7','admin','2012-11-30 22:30:44','栏目静态化:Bug报告 第1页','127.0.0.1'),('e99de440-7c63-47ae-995f-cb492d22f592','admin','2012-11-27 21:31:48','首页静态化:FreeCMS','127.0.0.1'),('eb02dcfd-97b5-4e70-be1d-44806ef32718','admin','2012-11-27 21:55:00','首页静态化:FreeCMS','127.0.0.1'),('eb58b416-e731-4aea-a1dc-67ec69dc2842','admin','2012-11-27 21:56:27','修改模板文件(templet\\freecms\\首页.html)成功!','127.0.0.1'),('ebfa2838-3079-4bcc-a2c3-15f845b2a96d','admin','2012-11-28 21:38:43','修改模板文件(templet\\freecms\\首页.html)成功!','127.0.0.1'),('ec3083ed-1ced-4d6a-8dd0-86d420ff0cb2','admin','2012-11-30 22:30:47','栏目静态化:参与 第1页','127.0.0.1'),('ec38327a-940e-40d6-baf5-3b62cec51806','admin','2012-12-04 21:36:29','栏目静态化:关于 第1页','127.0.0.1'),('ee0248d8-d114-4020-a131-2b99e1607708','admin','2012-11-30 22:30:38','栏目静态化:Bug报告 第1页','127.0.0.1'),('ee06ebcf-7dae-4389-86a6-2baaeef07e90','admin','2012-12-05 21:36:06','栏目静态化:解决方案 第1页','127.0.0.1'),('ef8450c0-a405-438f-861c-39b2fc0bb3e1','admin','2012-11-28 21:55:13','修改模板文件(templet\\freecms\\首页.html)成功!','127.0.0.1'),('ef8b6557-2fc4-4d90-a790-7d208090e631','admin','2012-11-30 22:31:15','栏目静态化:服务支持 第1页','127.0.0.1'),('f0de4f7d-b6bc-43f1-a4ee-22b7276df64b','admin','2012-12-04 21:29:21','栏目静态化:维基 第1页','127.0.0.1'),('f12ead39-5355-40be-8c41-fd8cd96388d4','admin','2012-11-27 21:01:22','添加角色菜单权限(站点管理员-栏目页静态化)成功!','127.0.0.1'),('f1b75ae2-57b2-4caf-8ae3-6b7541919b03','admin','2012-11-28 21:41:48','修改模板文件(templet\\freecms\\首页.html)成功!','127.0.0.1'),('f21ff3a4-0ebd-403e-8f67-8a2a9954c454','admin','2012-11-29 20:43:57','修改模板文件(templet\\freecms\\首页.html)成功!','127.0.0.1'),('f2b31aae-4e78-4b0c-9b2f-de76730f1dc1','admin','2012-11-30 22:30:47','栏目静态化:其他 第1页','127.0.0.1'),('f2cf5b67-82e6-4dbf-bbc5-d7c1f0343d89','admin','2012-12-04 21:40:19','栏目静态化:服务支持 第1页','127.0.0.1'),('f3b9f43d-91a5-4e53-b6be-11f11cb27173','admin','2012-12-04 22:00:22','添加栏目 加入FreeTeam','127.0.0.1'),('f4083cb9-27b9-4da3-a07b-afc616c00cd0','admin','2012-12-04 21:29:20','栏目静态化:许可证 第1页','127.0.0.1'),('f4df69b3-ca4c-47de-b706-2c9e3f2ecc22','admin','2012-12-05 20:37:21','栏目静态化:加入FreeTeam 第1页','127.0.0.1'),('f54a0b55-b5de-4255-8314-defa84dbbbcc','admin','2012-12-04 21:28:16','栏目静态化:许可证 第1页','127.0.0.1'),('f54b2f0b-802c-4ac3-b8c3-5e1d27e808a6','admin','2012-11-30 21:19:51','更新栏目 关于','127.0.0.1'),('f5b12b70-2c95-460d-bb87-6ad41d4d790b','admin','2012-11-27 21:55:28','首页静态化:FreeCMS','127.0.0.1'),('f6b4b8c5-a4be-4755-bc99-4ba2924c0d8b','admin','2012-11-27 21:59:31','首页静态化:FreeCMS','127.0.0.1'),('f79fc99e-f421-4a2f-b664-acb8e570fc96','admin','2012-12-05 21:36:05','栏目静态化:捐赠 第1页','127.0.0.1'),('f827c05f-ac36-41ce-acae-e5684c91288c','admin','2012-12-05 21:20:30','修改模板文件(templet\\freecms\\信息页面.html)成功!','127.0.0.1'),('f8569987-c08a-422c-9cc4-d30020fe199d','admin','2012-12-04 21:29:00','栏目静态化:赞助商 第1页','127.0.0.1'),('f85b51a5-c2e2-41c0-a60c-1caeaa3365a9','admin','2012-12-05 21:34:19','栏目静态化:许可证 第1页','127.0.0.1'),('f890e76c-aac1-4922-a724-02851b0f6a1d','admin','2012-11-29 19:19:11','更新栏目 要点','127.0.0.1'),('fa7a339a-8ea5-44ff-9535-f0b1bd9de375','admin','2012-12-05 21:36:09','栏目静态化:其它 第1页','127.0.0.1'),('fbce7469-d088-43a4-b495-4353e1b909c1','admin','2012-11-30 22:30:43','栏目静态化:赞助商 第1页','127.0.0.1'),('fbfb217c-98ef-46da-a1e8-39636fd1742a','admin','2012-12-05 21:34:19','栏目静态化:源代码 第1页','127.0.0.1'),('fc2628ef-d52a-4ce6-9181-8188e4e3283b','admin','2012-11-30 22:30:44','栏目静态化:常见问题解答 第1页','127.0.0.1'),('fc6c719a-739b-432a-88da-849a251d3637','admin','2012-11-27 21:01:13','添加角色菜单权限(站点管理员-站点设置)成功!','127.0.0.1'),('fcc98a23-8a41-4b0f-8819-91d760c7faea','admin','2012-11-28 21:42:56','修改模板文件(templet\\freecms\\首页.html)成功!','127.0.0.1'),('fccb83e3-67f5-46ed-8af0-d8294702f6a0','admin','2012-11-29 20:21:26','修改模板文件(templet\\freecms\\首页.html)成功!','127.0.0.1'),('fd755a24-cb30-45d4-9d00-cabf6ef2e9de','admin','2012-12-04 21:36:30','栏目静态化:赞助商 第1页','127.0.0.1'),('fe51476b-d691-4a29-a105-b1f1eef4de59','admin','2012-11-30 21:00:07','首页静态化:FreeCMS','127.0.0.1'),('ff84b7d9-8fad-4a9b-be98-73b9e880ad94','admin','2012-12-04 21:40:18','栏目静态化:关于 第1页','127.0.0.1'),('ffdf0fbe-6d0d-40b2-afdb-579724258203','admin','2012-11-28 21:38:21','站点设置 FreeCMS','127.0.0.1');

/*Table structure for table `freecms_role_channel` */

DROP TABLE IF EXISTS `freecms_role_channel`;

CREATE TABLE `freecms_role_channel` (
  `id` varchar(50) NOT NULL,
  `roleid` varchar(50) DEFAULT NULL,
  `channelid` varchar(50) NOT NULL,
  PRIMARY KEY (`id`),
  KEY `FK_Reference_17` (`roleid`),
  KEY `FK_Reference_18` (`channelid`),
  CONSTRAINT `FK_Reference_17` FOREIGN KEY (`roleid`) REFERENCES `freecms_roles` (`id`) ON DELETE CASCADE,
  CONSTRAINT `FK_Reference_18` FOREIGN KEY (`channelid`) REFERENCES `freecms_channel` (`id`) ON DELETE CASCADE
) ENGINE=InnoDB DEFAULT CHARSET=utf8 COMMENT='角色_栏目';

/*Data for the table `freecms_role_channel` */

/*Table structure for table `freecms_role_func` */

DROP TABLE IF EXISTS `freecms_role_func`;

CREATE TABLE `freecms_role_func` (
  `id` varchar(36) NOT NULL DEFAULT 'newid()',
  `roleId` varchar(36) NOT NULL,
  `funcId` varchar(36) NOT NULL,
  PRIMARY KEY (`id`),
  KEY `FK_角色_功能__功能` (`funcId`),
  KEY `FK_角色_功能__角色` (`roleId`),
  CONSTRAINT `FK_角色_功能__角色` FOREIGN KEY (`roleId`) REFERENCES `freecms_roles` (`id`) ON DELETE CASCADE,
  CONSTRAINT `FK_角色_功能__功能` FOREIGN KEY (`funcId`) REFERENCES `freecms_func` (`id`) ON DELETE CASCADE
) ENGINE=InnoDB DEFAULT CHARSET=utf8 COMMENT='角色_功能';

/*Data for the table `freecms_role_func` */

insert  into `freecms_role_func`(`id`,`roleId`,`funcId`) values ('0ca42f48-c62b-4d3b-8dab-1343519051b8','db57809a-f8f5-43d5-8c97-8b6ccdd3b9a3','47b80631-bb6e-4abd-8e47-5b99bce8b3bd'),('11351937-f2e3-4f10-9b9b-2cdc1babbbd7','db57809a-f8f5-43d5-8c97-8b6ccdd3b9a3','5f3a8e01-4216-4982-b07b-ad367fe9ef96'),('1e9c224b-a4fe-465e-972f-724c5651807f','db57809a-f8f5-43d5-8c97-8b6ccdd3b9a3','425d0211-0196-4456-a24b-3e8d614dec8b'),('210ba1a3-7a2e-4f86-b419-ec20c97d0a54','d5a82b5b-f0ba-4c7e-8554-26d88ee70a22','0bec6b84-19be-4d99-bc44-ca1d8472148f'),('213b1ac5-116d-4166-9c32-9facd4b1a98b','d5a82b5b-f0ba-4c7e-8554-26d88ee70a22','cb42d736-3386-42b8-a9f7-62840c4ecefa'),('2b334331-7a66-4b5c-bd12-ac98109eb8e1','db57809a-f8f5-43d5-8c97-8b6ccdd3b9a3','67025758-eb65-40b1-a59c-edee1b3ae938'),('2ff19fe8-b5c7-42a3-ad35-02f5caf187e2','db57809a-f8f5-43d5-8c97-8b6ccdd3b9a3','5257f8fd-9da2-4e83-8538-b6ffca22e45a'),('393cbffc-2d21-4203-8f27-ac8a40411932','db57809a-f8f5-43d5-8c97-8b6ccdd3b9a3','66ecf6f7-1911-4e7e-8089-3a01f44a6d12'),('438df26e-94ee-454d-acc0-fd56cddb0bf9','db57809a-f8f5-43d5-8c97-8b6ccdd3b9a3','cb42d736-3386-42b8-a9f7-62840c4ecefa'),('4cd0268a-2afd-4138-8415-78e36463b92b','db57809a-f8f5-43d5-8c97-8b6ccdd3b9a3','88749e6a-a8ec-47ef-aa4a-f7912d0ed12c'),('4d8f5c3f-2171-4ba8-8183-478edd4749c0','d5a82b5b-f0ba-4c7e-8554-26d88ee70a22','88749e6a-a8ec-47ef-aa4a-f7912d0ed12c'),('4dd72e33-2afd-40c5-8c5c-2b6cebb8d067','db57809a-f8f5-43d5-8c97-8b6ccdd3b9a3','003c47c5-7041-4cfa-8631-82c00ab3fb35'),('5b4fa9b1-3dac-4547-8169-76f450e9e85a','d5a82b5b-f0ba-4c7e-8554-26d88ee70a22','5a47681c-63c3-47b1-8e1f-34d4dbba7d85'),('5b580be5-4552-495c-b503-49f326e55b68','d5a82b5b-f0ba-4c7e-8554-26d88ee70a22','08cfd343-2803-403e-b952-f7d41199d8e1'),('60300c12-a38e-4968-8848-35e4a8c758b4','d5a82b5b-f0ba-4c7e-8554-26d88ee70a22','47b80631-bb6e-4abd-8e47-5b99bce8b3bd'),('60a5e528-31bb-4b2d-9047-efcf4b5c9b0e','db57809a-f8f5-43d5-8c97-8b6ccdd3b9a3','26622672-9a10-4e4e-93a7-7fe50a9208b3'),('6100e3ba-4e2e-47e7-8f64-d2b2db0335a9','d5a82b5b-f0ba-4c7e-8554-26d88ee70a22','18974989-cd85-48b2-8169-348bc3481ef8'),('7328120e-7241-44c6-a852-54267155e187','db57809a-f8f5-43d5-8c97-8b6ccdd3b9a3','18974989-cd85-48b2-8169-348bc3481ef8'),('738d4447-b9c7-43bc-a2e6-6ffcdf4d1ff1','d5a82b5b-f0ba-4c7e-8554-26d88ee70a22','c0ac116b-2b2a-4a09-ba25-0c2fffc12b4d'),('813b6de1-8d96-4a0e-be6b-89348a36f05c','db57809a-f8f5-43d5-8c97-8b6ccdd3b9a3','08cfd343-2803-403e-b952-f7d41199d8e1'),('8aa8f12b-de3b-412d-89c4-c8dd94118b77','d5a82b5b-f0ba-4c7e-8554-26d88ee70a22','26622672-9a10-4e4e-93a7-7fe50a9208b3'),('8ffc46e4-14fb-4ba9-887e-fb372e4caaec','db57809a-f8f5-43d5-8c97-8b6ccdd3b9a3','0bec6b84-19be-4d99-bc44-ca1d8472148f'),('92ad4f3a-ef23-4521-aad4-39dab6f4efd4','d5a82b5b-f0ba-4c7e-8554-26d88ee70a22','6c561fe7-2013-4ce5-bf9a-42874b07a99e'),('a2b3a078-d673-4752-ad0f-4c3bc9d18f37','db57809a-f8f5-43d5-8c97-8b6ccdd3b9a3','58fe298f-b448-40bb-a1c0-d81134efa4af'),('ac8e469d-07c1-42b2-8a88-f5a256f9f98e','d5a82b5b-f0ba-4c7e-8554-26d88ee70a22','e3066945-edb5-43ca-b29a-a0f96f98a50e'),('b2044d86-d02c-4342-945b-7ff6ee574b54','db57809a-f8f5-43d5-8c97-8b6ccdd3b9a3','e63b222f-3ccb-4e22-b8ab-7cd0dece9f06'),('b25fc673-7ff0-4c34-af9b-efcdd683a2d4','db57809a-f8f5-43d5-8c97-8b6ccdd3b9a3','12187d67-5ab9-4ae4-bbee-9a772cebd0de'),('b32ef6ec-c490-4388-8da0-391145a8e55a','d5a82b5b-f0ba-4c7e-8554-26d88ee70a22','425d0211-0196-4456-a24b-3e8d614dec8b'),('bc7dfd13-29db-4dfc-9abc-0dc82f3ad7db','d5a82b5b-f0ba-4c7e-8554-26d88ee70a22','5257f8fd-9da2-4e83-8538-b6ffca22e45a'),('bed880b3-ab93-4d3a-9fed-0ce9214ff2d6','d5a82b5b-f0ba-4c7e-8554-26d88ee70a22','4331df96-2b8d-4dcf-9bdb-1015dfd0a759'),('bf9182d6-16ec-4d79-952d-8867a23a887a','db57809a-f8f5-43d5-8c97-8b6ccdd3b9a3','3dc03dc5-56ba-46d9-b8ab-78d19c04cd86'),('c3e86733-7020-41bc-b888-58b1b6dba341','db57809a-f8f5-43d5-8c97-8b6ccdd3b9a3','2403873a-48fb-48ac-acd0-af4098df1a0a'),('cdfa9c7a-46da-45c3-bbaf-50315b9a59fd','db57809a-f8f5-43d5-8c97-8b6ccdd3b9a3','5a47681c-63c3-47b1-8e1f-34d4dbba7d85'),('cedd82fc-9a02-460a-904d-03683c53fed5','d5a82b5b-f0ba-4c7e-8554-26d88ee70a22','e63b222f-3ccb-4e22-b8ab-7cd0dece9f06'),('d012680a-88b1-40b0-99a4-aa51dc11d7c8','db57809a-f8f5-43d5-8c97-8b6ccdd3b9a3','4331df96-2b8d-4dcf-9bdb-1015dfd0a759'),('d16e529d-1691-4ed6-a8c7-d24a513cef70','db57809a-f8f5-43d5-8c97-8b6ccdd3b9a3','15dfc8ac-bfda-40cc-abb1-f563c1a1d1d2'),('d3bde903-f60a-43f4-96dc-b2be8d37d0f4','db57809a-f8f5-43d5-8c97-8b6ccdd3b9a3','e3066945-edb5-43ca-b29a-a0f96f98a50e'),('dd298cc2-70ef-4b4b-9306-44dd16595050','db57809a-f8f5-43d5-8c97-8b6ccdd3b9a3','8afb6f01-ae46-447c-acfa-1a6e0964bbba'),('df926af7-bc89-4424-bf20-0f5a8d55846a','d5a82b5b-f0ba-4c7e-8554-26d88ee70a22','5f3a8e01-4216-4982-b07b-ad367fe9ef96'),('e28496d1-77ca-4f87-8573-b94c7e8c2284','d5a82b5b-f0ba-4c7e-8554-26d88ee70a22','67025758-eb65-40b1-a59c-edee1b3ae938'),('e3c1df82-85f2-4f5a-8469-bd994a3ab1bf','db57809a-f8f5-43d5-8c97-8b6ccdd3b9a3','c0ac116b-2b2a-4a09-ba25-0c2fffc12b4d'),('e49be6ae-7121-4a6e-9eb0-d639feb87bc5','db57809a-f8f5-43d5-8c97-8b6ccdd3b9a3','6c561fe7-2013-4ce5-bf9a-42874b07a99e'),('ecad88b4-6c2e-4343-b53b-0f7f253b6406','db57809a-f8f5-43d5-8c97-8b6ccdd3b9a3','6f32a2b6-a552-4a91-a10c-2962af63eca7'),('f8f98529-8f63-4fb6-b211-f93cfe134029','d5a82b5b-f0ba-4c7e-8554-26d88ee70a22','58fe298f-b448-40bb-a1c0-d81134efa4af');

/*Table structure for table `freecms_role_site` */

DROP TABLE IF EXISTS `freecms_role_site`;

CREATE TABLE `freecms_role_site` (
  `id` varchar(50) NOT NULL,
  `roleid` varchar(50) DEFAULT NULL,
  `siteid` varchar(50) DEFAULT NULL,
  `siteadmin` varchar(1) DEFAULT NULL COMMENT '是否是站点管理员',
  PRIMARY KEY (`id`),
  KEY `FK_Reference_15` (`roleid`),
  KEY `FK_Reference_16` (`siteid`),
  CONSTRAINT `FK_Reference_15` FOREIGN KEY (`roleid`) REFERENCES `freecms_roles` (`id`) ON DELETE CASCADE,
  CONSTRAINT `FK_Reference_16` FOREIGN KEY (`siteid`) REFERENCES `freecms_site` (`id`) ON DELETE CASCADE
) ENGINE=InnoDB DEFAULT CHARSET=utf8 COMMENT='角色_站点';

/*Data for the table `freecms_role_site` */

insert  into `freecms_role_site`(`id`,`roleid`,`siteid`,`siteadmin`) values ('47df0463-1e86-4958-bdfb-543a8c145c60','d5a82b5b-f0ba-4c7e-8554-26d88ee70a22','7a4d22d6-762b-46e5-895b-d62da52bf9cb','1');

/*Table structure for table `freecms_role_user` */

DROP TABLE IF EXISTS `freecms_role_user`;

CREATE TABLE `freecms_role_user` (
  `id` varchar(36) NOT NULL DEFAULT 'newid()',
  `roles` varchar(36) NOT NULL,
  `users` varchar(36) NOT NULL,
  PRIMARY KEY (`id`),
  KEY `FK_角色_用户__用户` (`users`),
  KEY `FK_角色_用户__角色` (`roles`),
  CONSTRAINT `FK_角色_用户__用户` FOREIGN KEY (`users`) REFERENCES `freecms_users` (`id`) ON DELETE CASCADE,
  CONSTRAINT `FK_角色_用户__角色` FOREIGN KEY (`roles`) REFERENCES `freecms_roles` (`id`) ON DELETE CASCADE
) ENGINE=InnoDB DEFAULT CHARSET=utf8 COMMENT='角色_用户';

/*Data for the table `freecms_role_user` */

insert  into `freecms_role_user`(`id`,`roles`,`users`) values ('b7b9ea15-47dc-458d-b99d-82d3567addfe','d5a82b5b-f0ba-4c7e-8554-26d88ee70a22','fdc995ef-e96f-4c00-9746-4b5a9b365caa');

/*Table structure for table `freecms_roles` */

DROP TABLE IF EXISTS `freecms_roles`;

CREATE TABLE `freecms_roles` (
  `id` varchar(36) NOT NULL DEFAULT 'newid()',
  `name` varchar(100) NOT NULL,
  `isOk` char(1) NOT NULL,
  `adduser` varchar(50) DEFAULT NULL,
  PRIMARY KEY (`id`)
) ENGINE=InnoDB DEFAULT CHARSET=utf8 COMMENT='角色';

/*Data for the table `freecms_roles` */

insert  into `freecms_roles`(`id`,`name`,`isOk`,`adduser`) values ('d5a82b5b-f0ba-4c7e-8554-26d88ee70a22','站点管理员','1','admin'),('db57809a-f8f5-43d5-8c97-8b6ccdd3b9a3','管理员','1','admin');

/*Table structure for table `freecms_site` */

DROP TABLE IF EXISTS `freecms_site`;

CREATE TABLE `freecms_site` (
  `id` varchar(50) NOT NULL,
  `name` varchar(100) DEFAULT NULL,
  `siteDomain` varchar(100) DEFAULT NULL,
  `sourcePath` varchar(500) DEFAULT NULL,
  `copyright` varchar(500) DEFAULT NULL,
  `recordCode` varchar(50) DEFAULT NULL,
  `parId` varchar(50) DEFAULT NULL,
  `state` varchar(1) DEFAULT NULL,
  `url` varchar(500) DEFAULT NULL,
  `indexTemplet` varchar(50) DEFAULT NULL,
  `logo` varchar(500) DEFAULT NULL,
  `orderNum` int(11) DEFAULT NULL,
  `clickNum` int(11) DEFAULT NULL,
  PRIMARY KEY (`id`)
) ENGINE=InnoDB DEFAULT CHARSET=utf8 COMMENT='站点';

/*Data for the table `freecms_site` */

insert  into `freecms_site`(`id`,`name`,`siteDomain`,`sourcePath`,`copyright`,`recordCode`,`parId`,`state`,`url`,`indexTemplet`,`logo`,`orderNum`,`clickNum`) values ('7a4d22d6-762b-46e5-895b-d62da52bf9cb','FreeCMS','','FreeCMS','FreeTeam','','','1','','freecms','',NULL,NULL);

/*Table structure for table `freecms_templet` */

DROP TABLE IF EXISTS `freecms_templet`;

CREATE TABLE `freecms_templet` (
  `id` varchar(50) NOT NULL,
  `name` varchar(100) DEFAULT NULL,
  `state` varchar(1) DEFAULT NULL,
  `orderNum` int(11) DEFAULT NULL,
  `useSites` varchar(1000) DEFAULT NULL,
  `useSiteNames` varchar(1000) DEFAULT NULL,
  `adduser` varchar(50) DEFAULT NULL,
  PRIMARY KEY (`id`)
) ENGINE=InnoDB DEFAULT CHARSET=utf8 COMMENT='模板';

/*Data for the table `freecms_templet` */

insert  into `freecms_templet`(`id`,`name`,`state`,`orderNum`,`useSites`,`useSiteNames`,`adduser`) values ('freecms','FreeCMS站点模板','1',NULL,'','','02debc9f-53cd-4bc9-887b-49ffc4e925f2');

/*Table structure for table `freecms_unit` */

DROP TABLE IF EXISTS `freecms_unit`;

CREATE TABLE `freecms_unit` (
  `id` varchar(36) NOT NULL,
  `name` varchar(100) DEFAULT NULL,
  `parid` varchar(36) DEFAULT NULL,
  `isOk` char(1) DEFAULT NULL,
  `ordernum` int(11) DEFAULT NULL,
  PRIMARY KEY (`id`)
) ENGINE=InnoDB DEFAULT CHARSET=utf8 COMMENT='单位';

/*Data for the table `freecms_unit` */

insert  into `freecms_unit`(`id`,`name`,`parid`,`isOk`,`ordernum`) values ('freeteam','freeteam','','1',0);

/*Table structure for table `freecms_unit_user` */

DROP TABLE IF EXISTS `freecms_unit_user`;

CREATE TABLE `freecms_unit_user` (
  `id` varchar(36) NOT NULL,
  `unit` varchar(36) DEFAULT NULL,
  `users` varchar(36) NOT NULL,
  PRIMARY KEY (`id`),
  KEY `FK_Reference_13` (`users`),
  KEY `FK_Reference_14` (`unit`),
  CONSTRAINT `FK_Reference_13` FOREIGN KEY (`users`) REFERENCES `freecms_users` (`id`) ON DELETE CASCADE,
  CONSTRAINT `FK_Reference_14` FOREIGN KEY (`unit`) REFERENCES `freecms_unit` (`id`) ON DELETE CASCADE
) ENGINE=InnoDB DEFAULT CHARSET=utf8 COMMENT='单位_用户';

/*Data for the table `freecms_unit_user` */

insert  into `freecms_unit_user`(`id`,`unit`,`users`) values ('68853479-c103-4759-8145-ce007b6657ab','freeteam','fdc995ef-e96f-4c00-9746-4b5a9b365caa');

/*Table structure for table `freecms_users` */

DROP TABLE IF EXISTS `freecms_users`;

CREATE TABLE `freecms_users` (
  `id` varchar(36) NOT NULL,
  `loginName` varchar(100) NOT NULL,
  `roleNames` varchar(500) DEFAULT NULL,
  `name` varchar(100) DEFAULT NULL,
  `pwd` varchar(100) DEFAULT NULL,
  `sex` char(1) DEFAULT NULL,
  `birthday` datetime DEFAULT NULL,
  `tel` varchar(100) DEFAULT NULL,
  `mobilephone` varchar(100) DEFAULT NULL,
  `email` varchar(100) DEFAULT NULL,
  `isOk` char(1) DEFAULT NULL,
  `lastLoginTime` datetime DEFAULT NULL,
  `lastestLoginTime` datetime DEFAULT NULL,
  `loginFailNum` int(11) DEFAULT NULL,
  `loginNum` int(11) DEFAULT NULL,
  `addTime` datetime DEFAULT NULL,
  `unitNames` varchar(500) DEFAULT NULL,
  `unitIds` varchar(500) DEFAULT NULL,
  PRIMARY KEY (`id`)
) ENGINE=InnoDB DEFAULT CHARSET=utf8 COMMENT='用户';

/*Data for the table `freecms_users` */

insert  into `freecms_users`(`id`,`loginName`,`roleNames`,`name`,`pwd`,`sex`,`birthday`,`tel`,`mobilephone`,`email`,`isOk`,`lastLoginTime`,`lastestLoginTime`,`loginFailNum`,`loginNum`,`addTime`,`unitNames`,`unitIds`) values ('02debc9f-53cd-4bc9-887b-49ffc4e925f2','admin','管理员;','管理员','523af537946b79c4f8369ed39ba78605','1',NULL,'','','','1','2012-12-05 21:35:08','2012-12-06 21:01:19',0,0,NULL,NULL,NULL),('fdc995ef-e96f-4c00-9746-4b5a9b365caa','freecms','站点管理员;','freecms','523af537946b79c4f8369ed39ba78605','1','2012-11-28 20:25:41','','','','1','2010-01-01 00:00:00','2012-11-28 20:26:55',0,0,'2012-11-28 20:25:41','freeteam;','freeteam;');

/* Procedure structure for procedure `role_del` */

/*!50003 DROP PROCEDURE IF EXISTS  `role_del` */;

DELIMITER $$

/*!50003 CREATE DEFINER=`root`@`%` PROCEDURE `role_del`(IN roleId varchar(50))
BEGIN 
	
	DECLARE userId VARCHAR(50) DEFAULT '' ;
	#使用游标遍历所有需要修改的数据
	declare my_cursor CURSOR FOR select users from freecms_role_user where roles =roleId ;
	
	/*开游标*/ 
        OPEN my_cursor;
        /*游标向下走一步*/ 
        FETCH my_cursor INTO userId;
         /* 循环体 */
        WHILE ( userId is not null) DO
	#更新人员表中的roleNames字段
	update freecms_users 
	set roleNames=(
	select GROUP_CONCAT(NAME SEPARATOR  ';') 
	FROM freecms_roles u left join freecms_role_user uu on u.id=uu.roles
	where uu.users=userId and u.id!=roleId
	) 
	where id=userId;
          /*游标向下走一步*/ 
          FETCH my_cursor INTO userId;
        END WHILE;
        CLOSE my_cursor;
    END */$$
DELIMITER ;

/* Procedure structure for procedure `role_update` */

/*!50003 DROP PROCEDURE IF EXISTS  `role_update` */;

DELIMITER $$

/*!50003 CREATE DEFINER=`root`@`%` PROCEDURE `role_update`(IN roleId varchar(50))
BEGIN 
	
	DECLARE userId VARCHAR(50) DEFAULT '' ;
	#使用游标遍历所有需要修改的数据
	declare my_cursor CURSOR FOR select users from freecms_role_user where roles =roleId ;
	
	/*开游标*/ 
        OPEN my_cursor;
        /*游标向下走一步*/ 
        FETCH my_cursor INTO userId;
         /* 循环体 */
        WHILE ( userId is not null) DO
	#更新人员表中的roleNames字段
	update freecms_users 
	set roleNames=(
	select GROUP_CONCAT(NAME SEPARATOR  ';') 
	FROM freecms_roles u left join freecms_role_user uu on u.id=uu.roles
	where uu.users=userId
	) 
	where id=userId;
          /*游标向下走一步*/ 
          FETCH my_cursor INTO userId;
        END WHILE;
        CLOSE my_cursor;
    END */$$
DELIMITER ;

/* Procedure structure for procedure `unit_del` */

/*!50003 DROP PROCEDURE IF EXISTS  `unit_del` */;

DELIMITER $$

/*!50003 CREATE DEFINER=`root`@`%` PROCEDURE `unit_del`(IN unitId varchar(50))
BEGIN 
	
	DECLARE userId VARCHAR(50) DEFAULT '' ;
	#使用游标遍历所有需要修改的数据
	declare my_cursor CURSOR FOR select users from freecms_unit_user where unit =unitId ;
	
	/*开游标*/ 
        OPEN my_cursor;
        /*游标向下走一步*/ 
        FETCH my_cursor INTO userId;
         /* 循环体 */
        WHILE ( userId is not null) DO
	#更新人员表中的unitNames字段
	update freecms_users 
	set unitNames=(
	select GROUP_CONCAT(NAME SEPARATOR  ';') 
	FROM freecms_unit u left join freecms_unit_user uu on u.id=uu.unit
	where uu.users=userId and u.id!=unitId
	) 
	where id=userId;
          /*游标向下走一步*/ 
          FETCH my_cursor INTO userId;
        END WHILE;
        CLOSE my_cursor;
    END */$$
DELIMITER ;

/* Procedure structure for procedure `unit_update` */

/*!50003 DROP PROCEDURE IF EXISTS  `unit_update` */;

DELIMITER $$

/*!50003 CREATE DEFINER=`root`@`%` PROCEDURE `unit_update`(IN unitId varchar(50))
BEGIN 
	
	DECLARE userId VARCHAR(50) DEFAULT '' ;
	#使用游标遍历所有需要修改的数据
	declare my_cursor CURSOR FOR select users from freecms_unit_user where unit =unitId ;
	
	/*开游标*/ 
        OPEN my_cursor;
        /*游标向下走一步*/ 
        FETCH my_cursor INTO userId;
         /* 循环体 */
        WHILE ( userId is not null) DO
	#更新人员表中的unitNames字段
	update freecms_users 
	set unitNames=(
	select GROUP_CONCAT(NAME SEPARATOR  ';') 
	FROM freecms_unit u left join freecms_unit_user uu on u.id=uu.unit
	where uu.users=userId
	) 
	where id=userId;
          /*游标向下走一步*/ 
          FETCH my_cursor INTO userId;
        END WHILE;
        CLOSE my_cursor;
    END */$$
DELIMITER ;

/*!40101 SET SQL_MODE=@OLD_SQL_MODE */;
/*!40014 SET FOREIGN_KEY_CHECKS=@OLD_FOREIGN_KEY_CHECKS */;
/*!40014 SET UNIQUE_CHECKS=@OLD_UNIQUE_CHECKS */;
/*!40111 SET SQL_NOTES=@OLD_SQL_NOTES */;
